original tokens,,edited tokens,deleted tokens,added tokens,replaced tokens,sentences,paragraphs,punctuations,word_punctuation,character names,place names,special words
’,,him,,,,,,,,,,
t,,over,,,,,,,,,,
feel,,.,,,,EOS,,p,w_p_pre,,,
like,,Neville’s,,,Neville,BOS,,,,,,
a,,,’,,,,,,,,,
very,,,s,,,,,,,,,
good,,jaws,,,,,,,,,,
omen,,were,,,,,,,,,,
.,,jammed,,,,,,,,,,
In,,together,,,,,,,,,,
their,,so,,,,,,,,,,
nervous,,he,,,,,,,,,,
state,,couldn’t,,,couldn,,,,,,,
",",,,’,,,,,,,,,
every,,,t,,,,,,,,,
statue,,speak,,,,,,,,,,
’,,.,,,,EOS,,p,w_p_pre,,,
s,,Only,,,,BOS,,,,,,
shadow,,his,,,,,,,,,,
looked,,eyes,,,,,,,,,,
like,,were,,,,,,,,,,
Filch,,moving,,,,,,,,,,
",",,",",,,,,,p,w_p_pre,,,
every,,looking,,,,,,,,,,
distant,,at,,,,,,,,,,
breath,,them,,,,,,,,,,
of,,in,,,,,,,,,,
wind,,horror,,,honor,,,,,,,
sounded,,.,,,,EOS,,p,w_p_pre,,,
like,,“,,,,BOS,,p,w_p_fol,,,
Peeves,,What’ve,,,What,,,,,,,
swooping,,,’,,,,,,,,,
down,,,ve,,,,,,,,,
on,,you,,,,,,,,,,
them,,done,,,,,,,,,,
.,,to,,,,,,,,,,
At,,him,,,,,,,,,,
the,,?,,,?”,,,p,w_p_pre,,,
foot,,”,,add,,,,p,w_p_pre,,,
of,,Harry,,,Hany,,,,,,,
the,,whispered,,,,,,,,,,
first,,.,,,,EOS,,p,w_p_pre,,,
set,,“,,,,BOS,,p,w_p_fol,,,
of,,It’s,,,It,,,,,,,
stairs,,,’,,,,,,,,,
",",,,s,,,,,,,,,
they,,the,,,,,,,,,,
spotted,,full,,,,,,,,,,
Mrs,,Body-Bind,,,Body,,,,,,,
.,,,-,,,,,,,,,
Norris,,,Bind,,,,,,,,,
skulking,,",",,,",”",,,p,w_p_pre,,,
near,,”,,add,,,,p,w_p_pre,,,
the,,said,,,,,,,,,,
top,,Hermione,,,Hennione,,,,,,,
.,,miserably,,,,,,,,,,
“,,.,,,,EOS,,p,w_p_pre,,,
Oh,,“,,,,BOS,,p,w_p_fol,,,
",",,Oh,,,,,,,,,,
let,,",",,,,,,p,w_p_pre,,,
’,,Neville,,,,,,,,,,
s,,",",,,,,,p,w_p_pre,,,
kick,,I’m,,,I,,,,,,,
her,,,’,,,,,,,,,
",",,,m,,,,,,,,,
just,,so,,,,,,,,,,
this,,sorry,,,,,,,,,,
once,,.,,,.”,,,p,w_p_pre,,,
",”",,”,,add,,EOS,,p,w_p_pre,,,
Ron,,“,,,,BOS,,p,w_p_fol,,,
whispered,,We,,,,,,,,,,
in,,had,,,,,,,,,,
Harry,,to,,,,,,,,,,
’,,",",,,,,,p,w_p_pre,,,
s,,Neville,,,,,,,,,,
ear,,",",,,,,,p,w_p_pre,,,
",",,no,,,,,,,,,,
but,,time,,,,,,,,,,
Harry,,to,,,,,,,,,,
shook,,explain,,,,,,,,,,
his,,",",,,",”",,,p,w_p_pre,,,
head,,”,,add,,,,p,w_p_pre,,,
.,,said,,,,,,,,,,
As,,Harry,,,,,,,,,,
they,,.,,,,EOS,,p,w_p_pre,,,
climbed,,“,,,,BOS,,p,w_p_fol,,,
carefully,,You’ll,,,You,,,,,,,
around,,,’,,,,,,,,,
her,,,ll,,,,,,,,,
",",,understand,,,,,,,,,,
Mrs,,later,,,,,,,,,,
.,,",",,,,,,p,w_p_pre,,,
Norris,,Neville,,,,,,,,,,
turned,,",",,,",”",,,p,w_p_pre,,,
her,,”,,add,,,,p,w_p_pre,,,
lamplike,,said,,,,,,,,,,
eyes,,Ron,,,,,,,,,,
on,,as,,,,,,,,,,
them,,they,,,,,,,,,,
",",,stepped,,,,,,,,,,
but,,over,,,,,,,,,,
didn,,him,,,,,,,,,,
’,,and,,,,,,,,,,
t,,pulled,,,,,,,,,,
do,,on,,,,,,,,,,
anything,,the,,,,,,,,,,
.,,invisibility,,,,,,,,,,
They,,cloak,,,,,,,,,,
didn,,.,,,,EOS,EOP,p,w_p_pre,,,
’,,But,,,,BOS,BOP,,,,,
t,,leaving,,,,,,,,,,
meet,,Neville,,,,,,,,,,
anyone,,lying,,,,,,,,,,
else,,motionless,,,,,,,,,,
until,,on,,,,,,,,,,
they,,the,,,,,,,,,,
reached,,floor,,,,,,,,,,
the,,didn’t,,,didn,,,,,,,
staircase,,,’,,,,,,,,,
up,,,t,,,,,,,,,
to,,feel,,,,,,,,,,
the,,like,,,,,,,,,,
third,,a,,,,,,,,,,
floor,,very,,,,,,,,,,
.,,good,,,,,,,,,,
Peeves,,omen,,,,,,,,,,
was,,.,,,,EOS,,p,w_p_pre,,,
bobbing,,In,,,,BOS,,,,,,
halfway,,their,,,,,,,,,,
up,,nervous,,,,,,,,,,
",",,state,,,,,,,,,,
loosening,,",",,,,,,p,w_p_pre,,,
the,,every,,,,,,,,,,
carpet,,statue’s,,,statue,,,,,,,
so,,,’,,,,,,,,,
that,,,s,,,,,,,,,
people,,shadow,,,,,,,,,,
would,,looked,,,,,,,,,,
trip,,like,,,,,,,,,,
.,,Filch,,,,,,,,,,
“,,",",,,,,,p,w_p_pre,,,
Who,,every,,,,,,,,,,
’,,distant,,,,,,,,,,
s,,breath,,,,,,,,,,
there,,of,,,,,,,,,,
?”,,wind,,,,,,,,,,
he,,sounded,,,,,,,,,,
said,,like,,,,,,,,,,
suddenly,,Peeves,,,,,,,,,,
as,,swooping,,,,,,,,,,
they,,down,,,,,,,,,,
climbed,,on,,,,,,,,,,
toward,,them,,,,,,,,,,
him,,.,,,,EOS,,p,w_p_pre,,,
.,,At,,,,BOS,,,,,,
He,,the,,,,,,,,,,
narrowed,,foot,,,,,,,,,,
his,,of,,,,,,,,,,
wicked,,the,,,,,,,,,,
black,,first,,,,,,,,,,
eyes,,set,,,,,,,,,,
.,,of,,,,,,,,,,
“,,stairs,,,,,,,,,,
Know,,",",,,,,,p,w_p_pre,,,
you,,they,,,,,,,,,,
’,,spotted,,,,,,,,,,
re,,Mrs.,,,Mrs,,,,,,,
there,,,.,,,,,,,,,
",",,Norris,,,,,,,,,,
even,,skulking,,,,,,,,,,
if,,near,,,,,,,,,,
I,,the,,,,,,,,,,
can,,top,,,,,,,,,,
’,,.,,,,EOS,,p,w_p_pre,,,
t,,“,,,,BOS,,p,w_p_fol,,,
see,,Oh,,,,,,,,,,
you,,",",,,,,,p,w_p_pre,,,
.,,let’s,,,let,,,,,,,
Are,,,’,,,,,,,,,
you,,,s,,,,,,,,,
ghoulie,,kick,,,,,,,,,,
or,,her,,,,,,,,,,
ghostie,,",",,,,,,p,w_p_pre,,,
or,,just,,,,,,,,,,
wee,,this,,,,,,,,,,
student,,once,,,,,,,,,,
beastie,,",",,,",”",,,p,w_p_pre,,,
?”,,”,,add,,,,p,w_p_pre,,,
He,,Ron,,,,,,,,,,
rose,,whispered,,,,,,,,,,
up,,in,,,,,,,,,,
in,,Harry’s,,,Harry,,,,,,,
the,,,’,,,,,,,,,
air,,,s,,,,,,,,,
and,,ear,,,,,,,,,,
floated,,",",,,,,,p,w_p_pre,,,
there,,but,,,,,,,,,,
",",,Harry,,,,,,,,,,
squinting,,shook,,,,,,,,,,
at,,his,,,,,,,,,,
them,,head,,,,,,,,,,
.,,.,,,,EOS,,p,w_p_pre,,,
“,,As,,,,BOS,,,,,,
Should,,they,,,,,,,,,,
call,,climbed,,,,,,,,,,
Filch,,carefully,,,,,,,,,,
",",,around,,,,,,,,,,
I,,her,,,,,,,,,,
should,,",",,,,,,p,w_p_pre,,,
",",,Mrs.,,,Mrs,,,,,,,
if,,,.,,,,,,,,,
something,,Norris,,,,,,,,,,
’,,turned,,,,,,,,,,
s,,her,,,,,,,,,,
a,,lamplike,,,,,,,,,,
-,,eyes,,,,,,,,,,
creeping,,on,,,,,,,,,,
around,,them,,,,,,,,,,
unseen,,",",,,,,,p,w_p_pre,,,
.”,,but,,,,,,,,,,
Harry,,didn’t,,,didn,,,,,,,
had,,,’,,,,,,,,,
a,,,t,,,,,,,,,
sudden,,do,,,,,,,,,,
idea,,anything,,,,,,,,,,
.,,.,,,,EOS,EOP,p,w_p_pre,,,
“,,They,,,,BOS,BOP,,,,,
Peeves,,didn’t,,,didn,,,,,,,
",”",,,’,,,,,,,,,
he,,,t,,,,,,,,,
said,,meet,,,,,,,,,,
",",,anyone,,,,,,,,,,
in,,else,,,,,,,,,,
a,,until,,,,,,,,,,
hoarse,,they,,,,,,,,,,
whisper,,reached,,,,,,,,,,
",",,the,,,,,,,,,,
“,,staircase,,,,,,,,,,
the,,up,,,,,,,,,,
Bloody,,to,,,,,,,,,,
Baron,,the,,,,,,,,,,
has,,third,,,,,,,,,,
his,,floor,,,,,,,,,,
own,,.,,,,EOS,,p,w_p_pre,,,
reasons,,Peeves,,,,BOS,,,,,,
for,,was,,,,,,,,,,
being,,bobbing,,,,,,,,,,
invisible,,halfway,,,,,,,,,,
.”,,up,,,,,,,,,,
Peeves,,",",,,,,,p,w_p_pre,,,
almost,,loosening,,,,,,,,,,
fell,,the,,,,,,,,,,
out,,carpet,,,,,,,,,,
of,,so,,,,,,,,,,
the,,that,,,,,,,,,,
air,,people,,,,,,,,,,
in,,would,,,,,,,,,,
shock,,trip,,,,,,,,,,
.,,.,,,,EOS,,p,w_p_pre,,,
He,,“,,,,BOS,,p,w_p_fol,,,
caught,,Who’s,,,Who,,,,,,,
himself,,,’,,,,,,,,,
in,,,s,,,,,,,,,
time,,there,,,,,,,,,,
and,,?,,,?”,,,p,w_p_pre,,,
hovered,,”,,add,,,,p,w_p_pre,,,
about,,he,,,,,,,,,,
a,,said,,,,,,,,,,
foot,,suddenly,,,,,,,,,,
off,,as,,,,,,,,,,
the,,they,,,,,,,,,,
stairs,,climbed,,,,,,,,,,
.,,toward,,,,,,,,,,
“,,him,,,,,,,,,,
So,,.,,,,EOS,,p,w_p_pre,,,
sorry,,He,,,,BOS,,,,,,
",",,narrowed,,,,,,,,,,
your,,his,,,,,,,,,,
bloodiness,,wicked,,,,,,,,,,
",",,black,,,,,,,,,,
Mr,,eyes,,,,,,,,,,
.,,.,,,,EOS,,p,w_p_pre,,,
Baron,,“,,,,BOS,,p,w_p_fol,,,
",",,Know,,,,,,,,,,
Sir,,you’re,,,you,,,,,,,
",”",,,’,,,,,,,,,
he,,,re,,,,,,,,,
said,,there,,,,,,,,,,
greasily,,",",,,,,,p,w_p_pre,,,
.,,even,,,,,,,,,,
“,,if,,,,,,,,,,
My,,I,,,,,,,,,,
mistake,,can’t,,,can,,,,,,,
",",,,’,,,,,,,,,
my,,,t,,,,,,,,,
mistake,,see,,,,,,,,,,
—,,you,,,,,,,,,,
I,,.,,,,EOS,,p,w_p_pre,,,
didn,,Are,,,,BOS,,,,,,
’,,you,,,,,,,,,,
t,,ghoulie,,,,,,,,,,
see,,or,,,,,,,,,,
you,,ghostie,,,,,,,,,,
—,,or,,,,,,,,,,
of,,wee,,,,,,,,,,accent
course,,student,,,,,,,,,,
I,,beastie,,,,,,,,,,
didn,,?,,,?”,,,p,w_p_pre,,,
’,,”,,add,,EOS,,p,w_p_pre,,,
t,,He,,,,BOS,,,,,,
",",,rose,,,,,,,,,,
you,,up,,,,,,,,,,
’,,in,,,,,,,,,,
re,,the,,,,,,,,,,
invisible,,air,,,,,,,,,,
—,,and,,,,,,,,,,
forgive,,floated,,,,,,,,,,
old,,there,,,,,,,,,,
Peevsie,,",",,,,,,p,w_p_pre,,,
his,,squinting,,,,,,,,,,
little,,at,,,,,,,,,,
joke,,them,,,,,,,,,,
",",,.,,,,EOS,,p,w_p_pre,,,
sir,,“,,,,BOS,,p,w_p_fol,,,
.”,,Should,,,,,,,,,,
“,,call,,,,,,,,,,
I,,Filch,,,,,,,,,,
have,,",",,,,,,p,w_p_pre,,,
business,,I,,,,,,,,,,
here,,should,,,,,,,,,,
",",,",",,,,,,p,w_p_pre,,,
Peeves,,if,,,,,,,,,,
",”",,something’s,,,something,,,,,,,
croaked,,,’,,,,,,,,,
Harry,,,s,,,,,,,,,
.,,a-creeping,,,a,,,,,,,accent
“,,,-,,,,,,,,,
Stay,,,creeping,,,,,,,,,
away,,around,,,,,,,,,,
from,,unseen,,,,,,,,,,
this,,.,,,.”,,,p,w_p_pre,,,
place,,”,,add,,EOS,EOP,p,w_p_pre,,,
tonight,,Harry,,,,BOS,BOP,,,,,
.”,,had,,,,,,,,,,
“,,a,,,,,,,,,,
I,,sudden,,,,,,,,,,
will,,idea,,,,,,,,,,
",",,.,,,,EOS,,p,w_p_pre,,,
sir,,“,,,,BOS,,p,w_p_fol,,,
",",,Peeves,,,,,,,,,,
I,,",",,,",”",,,p,w_p_pre,,,
most,,”,,add,,,,p,w_p_pre,,,
certainly,,he,,,,,,,,,,
will,,said,,,,,,,,,,
",”",,",",,,,,,p,w_p_pre,,,
said,,in,,,,,,,,,,
Peeves,,a,,,,,,,,,,
",",,hoarse,,,,,,,,,,
rising,,whisper,,,,,,,,,,
up,,",",,,,,,p,w_p_pre,,,
in,,“,,,,,,p,w_p_fol,,,
the,,the,,,,,,,,,,
air,,Bloody,,,,,,,,,,
again,,Baron,,,,,,,,,,
.,,has,,,,,,,,,,
“,,his,,,,,,,,,,
Hope,,own,,,,,,,,,,
your,,reasons,,,,,,,,,,
business,,for,,,,,,,,,,
goes,,being,,,,,,,,,,
well,,invisible,,,,,,,,,,
",",,.,,,.”,,,p,w_p_pre,,,
Baron,,”,,add,,EOS,,p,w_p_pre,,,
",",,Peeves,,,,BOS,,,,,,
I,,almost,,,,,,,,,,
’,,fell,,,,,,,,,,
ll,,out,,,,,,,,,,
not,,of,,,,,,,,,,
bother,,the,,,,,,,,,,
you,,air,,,,,,,,,,
.”,,in,,,,,,,,,,
And,,shock,,,,,,,,,,
he,,.,,,,EOS,,p,w_p_pre,,,
scooted,,He,,,,BOS,,,,,,
off,,caught,,,,,,,,,,
.,,himself,,,,,,,,,,
“,,in,,,,,,,,,,
Brilliant,,time,,,,,,,,,,
",",,and,,,,,,,,,,
Harry,,hovered,,,,,,,,,,
!”,,about,,,,,,,,,,
whispered,,a,,,,,,,,,,
Ron,,foot,,,,,,,,,,
.,,off,,,,,,,,,,
A,,the,,,,,,,,,,
few,,stairs,,,,,,,,,,
seconds,,.,,,,EOS,,p,w_p_pre,,,
later,,“,,,,BOS,,p,w_p_fol,,,
",",,So,,,,,,,,,,
they,,sorry,,,,,,,,,,
were,,",",,,,,,p,w_p_pre,,,
there,,your,,,,,,,,,,
",",,bloodiness,,,,,,,,,,
outside,,",",,,,,,p,w_p_pre,,,
the,,Mr.,,,Mr,,,,,,,
third,,,.,,,,,,,,,
-,,Baron,,,,,,,,,,
floor,,",",,,,,,p,w_p_pre,,,
corridor,,Sir,,,,,,,,,,
—,,",",,,",”",,,p,w_p_pre,,,
and,,”,,add,,,,p,w_p_pre,,,
the,,he,,,,,,,,,,
door,,said,,,,,,,,,,
was,,greasily,,,,,,,,,,
already,,.,,,,EOS,,p,w_p_pre,,,
ajar,,“,,,,BOS,,p,w_p_fol,,,
.,,My,,,,,,,,,,
“,,mistake,,,,,,,,,,
Well,,",",,,,,,p,w_p_pre,,,
",",,my,,,,,,,,,,
there,,mistake,,,,,,,,,,
you,,—,,,,,,p,w_p_pre,,,
are,,I,,,,,,,,,,
",”",,didn’t,,,didn,,,,,,,
Harry,,,’,,,,,,,,,
said,,,t,,,,,,,,,
quietly,,see,,,,,,,,,,
",",,you,,,,,,,,,,
“,,—,,,,,,p,w_p_pre,,,
Snape,,of,,,,,,,,,,
’,,course,,,,,,,,,,
s,,I,,,,,,,,,,
already,,didn’t,,,didn,,,,,,,
got,,,’,,,,,,,,,
past,,,t,,,,,,,,,
Fluffy,,",",,,,,,p,w_p_pre,,,
.”,,you’re,,,you,,,,,,,
Seeing,,,’,,,,,,,,,
the,,,re,,,,,,,,,
open,,invisible,,,,,,,,,,
door,,—,,,,,,p,w_p_pre,,,
somehow,,forgive,,,,,,,,,,
seemed,,old,,,,,,,,,,
to,,Peevsie,,,,,,,,,,
impress,,his,,,,,,,,,,
upon,,little,,,,,,,,,,
all,,joke,,,,,,,,,,
three,,",",,,,,,p,w_p_pre,,,
of,,sir,,,,,,,,,,
them,,.,,,.”,,,p,w_p_pre,,,
what,,”,,add,,EOS,,p,w_p_pre,,,
was,,“,,,,BOS,,p,w_p_fol,,,
facing,,I,,,,,,,,,,
them,,have,,,,,,,,,,
.,,business,,,,,,,,,,
Underneath,,here,,,,,,,,,,
the,,",",,,,,,p,w_p_pre,,,
cloak,,Peeves,,,,,,,,,,
",",,",",,,",”",,,p,w_p_pre,,,
Harry,,”,,add,,,,p,w_p_pre,,,
turned,,croaked,,,,,,,,,,
to,,Harry,,,,,,,,,,
the,,.,,,,EOS,,p,w_p_pre,,,
other,,“,,,,BOS,,p,w_p_fol,,,
two,,Stay,,,,,,,,,,
.,,away,,,,,,,,,,
“,,from,,,,,,,,,,
If,,this,,,,,,,,,,
you,,place,,,,,,,,,,
want,,tonight,,,,,,,,,,
to,,.,,,.”,,,p,w_p_pre,,,
go,,”,,add,,EOS,,p,w_p_pre,,,
back,,“,,,,BOS,,p,w_p_fol,,,
",",,I,,,,,,,,,,
I,,will,,,,,,,,,,
won,,",",,,,,,p,w_p_pre,,,
’,,sir,,,,,,,,,,
t,,",",,,,,,p,w_p_pre,,,
blame,,I,,,,,,,,,,
you,,most,,,,,,,,,,
",”",,certainly,,,,,,,,,,
he,,will,,,,,,,,,,
said,,",",,,",”",,,p,w_p_pre,,,
.,,”,,add,,,,p,w_p_pre,,,
“,,said,,,,,,,,,,
You,,Peeves,,,,,,,,,,
can,,",",,,,,,p,w_p_pre,,,
take,,rising,,,,,,,,,,
the,,up,,,,,,,,,,
cloak,,in,,,,,,,,,,
",",,the,,,,,,,,,,
I,,air,,,,,,,,,,
won,,again,,,,,,,,,,
’,,.,,,,EOS,,p,w_p_pre,,,
t,,“,,,,BOS,,p,w_p_fol,,,
need,,Hope,,,,,,,,,,
it,,your,,,,,,,,,,
now,,business,,,,,,,,,,
.”,,goes,,,,,,,,,,
“,,well,,,,,,,,,,
Don,,",",,,,,,p,w_p_pre,,,
’,,Baron,,,,,,,,,,
t,,",",,,,,,p,w_p_pre,,,
be,,I’ll,,,I,,,,,,,
stupid,,,’,,,,,,,,,
",”",,,ll,,,,,,,,,
said,,not,,,,,,,,,,
Ron,,bother,,,,,,,,,,
.,,you,,,,,,,,,,
“,,.,,,.”,,,p,w_p_pre,,,
We,,”,,add,,EOS,,p,w_p_pre,,,
’,,And,,,,BOS,,,,,,
re,,he,,,,,,,,,,
coming,,scooted,,,,,,,,,,
",”",,off,,,,,,,,,,
said,,.,,,,EOS,EOP,p,w_p_pre,,,
Hermione,,“,,,,BOS,BOP,p,w_p_fol,,,
.,,Brilliant,,,,,,,,,,
Harry,,",",,,,,,p,w_p_pre,,,
pushed,,Harry,,,,,,,,,,
the,,!,,,!”,,,p,w_p_pre,,,
door,,”,,add,,,,p,w_p_pre,,,
open,,whispered,,,,,,,,,,
.,,Ron,,,,,,,,,,
As,,.,,,,EOS,,p,w_p_pre,,,
the,,A,,,,BOS,,,,,,
door,,few,,,,,,,,,,
creaked,,seconds,,,,,,,,,,
",",,later,,,,,,,,,,
low,,",",,,,,,p,w_p_pre,,,
",",,they,,,,,,,,,,
rumbling,,were,,,,,,,,,,
growls,,there,,,,,,,,,,
met,,",",,,,,,p,w_p_pre,,,
their,,outside,,,,,,,,,,
ears,,the,,,,,,,,,,
.,,third-floor,,,third,,,,,,,
All,,,-,,,,,,,,,
three,,,floor,,,,,,,,,
of,,corridor,,,,,,,,,,
the,,—,,,,,,p,w_p_pre,,,
dog,,and,,,,,,,,,,
’,,the,,,,,,,,,,
s,,door,,,,,,,,,,
noses,,was,,,,,,,,,,
sniffed,,already,,,,,,,,,,
madly,,ajar,,,,,,,,,,
in,,.,,,,EOS,,p,w_p_pre,,,
their,,“,,,,BOS,,p,w_p_fol,,,
direction,,Well,,,,,,,,,,
",",,",",,,,,,p,w_p_pre,,,
even,,there,,,,,,,,,,
though,,you,,,,,,,,,,
it,,are,,,,,,,,,,
couldn,,",",,,",”",,,p,w_p_pre,,,
’,,”,,add,,,,p,w_p_pre,,,
t,,Harry,,,,,,,,,,
see,,said,,,,,,,,,,
them,,quietly,,,,,,,,,,
.,,",",,,,,,p,w_p_pre,,,
“,,“,,,,,,p,w_p_fol,,,
What,,Snape’s,,,Snape,,,,,,,
’,,,’,,,,,,,,,
s,,,s,,,,,,,,,
that,,already,,,,,,,,,,
at,,got,,,,,,,,,,
its,,past,,,,,,,,,,
feet,,Fluffy,,,,,,,,,,
?”,,.,,,.”,,,p,w_p_pre,,,
Hermione,,”,,add,,EOS,,p,w_p_pre,,,
whispered,,Seeing,,,,BOS,,,,,,
.,,the,,,,,,,,,,
“,,open,,,,,,,,,,
Looks,,door,,,,,,,,,,
like,,somehow,,,,,,,,,,
a,,seemed,,,,,,,,,,
harp,,to,,,,,,,,,,
",”",,impress,,,,,,,,,,
said,,upon,,,,,,,,,,
Ron,,all,,,,,,,,,,
.,,three,,,,,,,,,,
“,,of,,,,,,,,,,
Snape,,them,,,,,,,,,,
must,,what,,,,,,,,,,
have,,was,,,,,,,,,,
left,,facing,,,,,,,,,,
it,,them,,,,,,,,,,
there,,.,,,,EOS,,p,w_p_pre,,,
.”,,Underneath,,,,BOS,,,,,,
“,,the,,,,,,,,,,
It,,cloak,,,,,,,,,,
must,,",",,,,,,p,w_p_pre,,,
wake,,Harry,,,,,,,,,,
up,,turned,,,,,,,,,,
the,,to,,,,,,,,,,
moment,,the,,,,,,,,,,
you,,other,,,,,,,,,,
stop,,two,,,,,,,,,,
playing,,.,,,,EOS,,p,w_p_pre,,,
",”",,“,,,,BOS,,p,w_p_fol,,,
said,,If,,,,,,,,,,
Harry,,you,,,,,,,,,,
.,,want,,,,,,,,,,
“,,to,,,,,,,,,,
Well,,go,,,,,,,,,,
",",,back,,,,,,,,,,
here,,",",,,,,,p,w_p_pre,,,
goes,,I,,,,,,,,,,
.,,won’t,,,won,,,,,,,
.,,,’,,,,,,,,,
.”,,,t,,,,,,,,,
He,,blame,,,,,,,,,,
put,,you,,,,,,,,,,
Hagrid,,",",,,",”",,,p,w_p_pre,,,
’,,”,,add,,,,p,w_p_pre,,,
s,,he,,,,,,,,,,
flute,,said,,,,,,,,,,
to,,.,,,,EOS,,p,w_p_pre,,,
his,,“,,,,BOS,,p,w_p_fol,,,
lips,,You,,,,,,,,,,
and,,can,,,,,,,,,,
blew,,take,,,,,,,,,,
.,,the,,,,,,,,,,
It,,cloak,,,,,,,,,,
wasn,,",",,,,,,p,w_p_pre,,,
’,,I,,,,,,,,,,
t,,won’t,,,won,,,,,,,
really,,,’,,,,,,,,,
a,,,t,,,,,,,,,
tune,,need,,,,,,,,,,
",",,it,,,,,,,,,,
but,,now,,,,,,,,,,
from,,.,,,.”,,,p,w_p_pre,,,
the,,”,,add,,EOS,,p,w_p_pre,,,
first,,“,,,,BOS,,p,w_p_fol,,,
note,,Don’t,,,Don,,,,,,,
the,,,’,,,,,,,,,
beast,,,t,,,,,,,,,
’,,be,,,,,,,,,,
s,,stupid,,,,,,,,,,
eyes,,",",,,",”",,,p,w_p_pre,,,
began,,”,,add,,,,p,w_p_pre,,,
to,,said,,,,,,,,,,
droop,,Ron,,,,,,,,,,
.,,.,,,,EOS,,p,w_p_pre,,,
Harry,,“,,,,BOS,,p,w_p_fol,,,
hardly,,We’re,,,We,,,,,,,
drew,,,’,,,,,,,,,
breath,,,re,,,,,,,,,
.,,coming,,,,,,,,,,
Slowly,,",",,,",”",,,p,w_p_pre,,,
",",,”,,add,,,,p,w_p_pre,,,
the,,said,,,,,,,,,,
dog,,Hermione,,,,,,,,,,
’,,.,,,,EOS,EOP,p,w_p_pre,,,
s,,Harry,,,,BOS,BOP,,,,,
growls,,pushed,,,,,,,,,,
ceased,,the,,,,,,,,,,
—,,door,,,,,,,,,,
it,,open,,,,,,,,,,
tottered,,.,,,,EOS,,p,w_p_pre,,,
on,,As,,,,BOS,,,,,,
its,,the,,,,,,,,,,
paws,,door,,,,,,,,,,
and,,creaked,,,,,,,,,,
fell,,",",,,,,,p,w_p_pre,,,
to,,low,,,,,,,,,,
its,,",",,,,,,p,w_p_pre,,,
knees,,rumbling,,,,,,,,,,
",",,growls,,,,,,,,,,
then,,met,,,,,,,,,,
it,,their,,,,,,,,,,
slumped,,ears,,,,,,,,,,
to,,.,,,,EOS,,p,w_p_pre,,,
the,,All,,,,BOS,,,,,,
ground,,three,,,,,,,,,,
",",,of,,,,,,,,,,
fast,,the,,,,,,,,,,
asleep,,dog’s,,,dog,,,,,,,
.,,,’,,,,,,,,,
“,,,s,,,,,,,,,
Keep,,noses,,,,,,,,,,
playing,,sniffed,,,,,,,,,,
",”",,madly,,,,,,,,,,
Ron,,in,,,,,,,,,,
warned,,their,,,,,,,,,,
Harry,,direction,,,,,,,,,,
as,,",",,,,,,p,w_p_pre,,,
they,,even,,,,,,,,,,
slipped,,though,,,,,,,,,,
out,,it,,,,,,,,,,
of,,couldn’t,,,couldn,,,,,,,
the,,,’,,,,,,,,,
cloak,,,t,,,,,,,,,
and,,see,,,,,,,,,,
crept,,them,,,,,,,,,,
toward,,.,,,,EOS,,p,w_p_pre,,,
the,,“,,,,BOS,,p,w_p_fol,,,
trapdoor,,What’s,,,What,,,,,,,
.,,,’,,,,,,,,,
They,,,s,,,,,,,,,
could,,that,,,,,,,,,,
feel,,at,,,,,,,,,,
the,,its,,,,,,,,,,
dog,,feet,,,,,,,,,,
’,,?,,,?”,,,p,w_p_pre,,,
s,,”,,add,,,,p,w_p_pre,,,
hot,,Hermione,,,,,,,,,,
",",,whispered,,,,,,,,,,
smelly,,.,,,,EOS,,p,w_p_pre,,,
breath,,“,,,,BOS,,p,w_p_fol,,,
as,,Looks,,,,,,,,,,
they,,like,,,,,,,,,,
approached,,a,,,,,,,,,,
the,,harp,,,,,,,,,,
giant,,",",,,",”",,,p,w_p_pre,,,
heads,,”,,add,,,,p,w_p_pre,,,
.,,said,,,,,,,,,,
“,,Ron,,,,,,,,,,
I,,.,,,,EOS,,p,w_p_pre,,,
think,,“,,,,BOS,,p,w_p_fol,,,
we,,Snape,,,,,,,,,,
’,,must,,,,,,,,,,
ll,,have,,,,,,,,,,
be,,left,,,,,,,,,,
able,,it,,,,,,,,,,
to,,there,,,,,,,,,,
pull,,.,,,.”,,,p,w_p_pre,,,
the,,”,,add,,EOS,,p,w_p_pre,,,
door,,“,,,,BOS,,p,w_p_fol,,,
open,,It,,,,,,,,,,
",”",,must,,,,,,,,,,
said,,wake,,,,,,,,,,
Ron,,up,,,,,,,,,,
",",,the,,,,,,,,,,
peering,,moment,,,,,,,,,,
over,,you,,,,,,,,,,
the,,stop,,,,,,,,,,
dog,,playing,,,,,,,,,,
’,,",",,,",”",,,p,w_p_pre,,,
s,,”,,add,,,,p,w_p_pre,,,
back,,said,,,,,,,,,,
.,,Harry,,,,,,,,,,
“,,.,,,,EOS,,p,w_p_pre,,,
Want,,“,,,,BOS,,p,w_p_fol,,,
to,,Well,,,,,,,,,,
go,,",",,,,,,p,w_p_pre,,,
first,,here,,,,,,,,,,
",",,goes,,,,,,,,,,
Hermione,,.,,,,,,p,w_p_pre,,,
?”,,.,,,,,,p,w_p_pre,,,
“,,.,,,.”,,,p,w_p_pre,,,
No,,”,,add,,EOS,,p,w_p_pre,,,
",",,He,,,,BOS,,,,,,
I,,put,,,,,,,,,,
don,,Hagrid’s,,,Hagrid,,,,,,,
’,,,’,,,,,,,,,
t,,,s,,,,,,,,,
!”,,flute,,,,,,,,,,
“,,to,,,,,,,,,,
All,,his,,,,,,,,,,
right,,lips,,,,,,,,,,
.”,,and,,,,,,,,,,
Ron,,blew,,,,,,,,,,
gritted,,.,,,,EOS,,p,w_p_pre,,,
his,,It,,,,BOS,,,,,,
teeth,,wasn’t,,,wasn,,,,,,,
and,,,’,,,,,,,,,
stepped,,,t,,,,,,,,,
carefully,,really,,,,,,,,,,
over,,a,,,,,,,,,,
the,,tune,,,,,,,,,,
dog,,",",,,,,,p,w_p_pre,,,
’,,but,,,,,,,,,,
s,,from,,,,,,,,,,
legs,,the,,,,,,,,,,
.,,first,,,,,,,,,,
He,,note,,,,,,,,,,
bent,,the,,,,,,,,,,
and,,beast’s,,,beast,,,,,,,
pulled,,,’,,,,,,,,,
the,,,s,,,,,,,,,
ring,,eyes,,,,,,,,,,
of,,began,,,,,,,,,,
the,,to,,,,,,,,,,
trapdoor,,droop,,,,,,,,,,
",",,.,,,,EOS,,p,w_p_pre,,,
which,,Harry,,,,BOS,,,,,,
swung,,hardly,,,,,,,,,,
up,,drew,,,,,,,,,,
and,,breath,,,,,,,,,,
open,,.,,,,EOS,,p,w_p_pre,,,
.,,Slowly,,,,BOS,,,,,,
“,,",",,,,,,p,w_p_pre,,,
What,,the,,,,,,,,,,
can,,dog’s,,,dog,,,,,,,
you,,,’,,,,,,,,,
see,,,s,,,,,,,,,
?”,,growls,,,,,,,,,,
Hermione,,ceased,,,,,,,,,,
said,,—,,,,,,p,w_p_pre,,,
anxiously,,it,,,,,,,,,,
.,,tottered,,,,,,,,,,
“,,on,,,,,,,,,,
Nothing,,its,,,,,,,,,,
—,,paws,,,,,,,,,,
just,,and,,,,,,,,,,
black,,fell,,,,,,,,,,
—,,to,,,,,,,,,,
there,,its,,,,,,,,,,
’,,knees,,,,,,,,,,
s,,",",,,,,,p,w_p_pre,,,
no,,then,,,,,,,,,,
way,,it,,,,,,,,,,
of,,slumped,,,,,,,,,,
climbing,,to,,,,,,,,,,
down,,the,,,,,,,,,,
",",,ground,,,,,,,,,,
we,,",",,,,,,p,w_p_pre,,,
’,,fast,,,,,,,,,,
ll,,asleep,,,,,,,,,,
just,,.,,,,EOS,EOP,p,w_p_pre,,,
have,,“,,,,BOS,BOP,p,w_p_fol,,,
to,,Keep,,,,,,,,,,
drop,,playing,,,,,,,,,,
.”,,",",,,",”",,,p,w_p_pre,,,
Harry,,”,,add,,,,p,w_p_pre,,,
",",,Ron,,,,,,,,,,
who,,warned,,,,,,,,,,
was,,Harry,,,,,,,,,,
still,,as,,,,,,,,,,
playing,,they,,,,,,,,,,
the,,slipped,,,,,,,,,,
flute,,out,,,,,,,,,,
",",,of,,,,,,,,,,
waved,,the,,,,,,,,,,
at,,cloak,,,,,,,,,,
Ron,,and,,,,,,,,,,
to,,crept,,,,,,,,,,
get,,toward,,,,,,,,,,
his,,the,,,,,,,,,,
attention,,trapdoor,,,,,,,,,,
and,,.,,,,EOS,,p,w_p_pre,,,
pointed,,They,,,,BOS,,,,,,
at,,could,,,,,,,,,,
himself,,feel,,,,,,,,,,
.,,the,,,,,,,,,,
“,,dog’s,,,dog,,,,,,,
You,,,’,,,,,,,,,
want,,,s,,,,,,,,,
to,,hot,,,,,,,,,,
go,,",",,,,,,p,w_p_pre,,,
first,,smelly,,,,,,,,,,
?,,breath,,,,,,,,,,
Are,,as,,,,,,,,,,
you,,they,,,,,,,,,,
sure,,approached,,,,,,,,,,
?”,,the,,,,,,,,,,
said,,giant,,,,,,,,,,
Ron,,heads,,,,,,,,,,
.,,.,,,,EOS,,p,w_p_pre,,,
“,,“,,,,BOS,,p,w_p_fol,,,
I,,I,,,,,,,,,,
don,,think,,,,,,,,,,
’,,we’ll,,,we,,,,,,,
t,,,’,,,,,,,,,
know,,,ll,,,,,,,,,
how,,be,,,,,,,,,,
deep,,able,,,,,,,,,,
this,,to,,,,,,,,,,
thing,,pull,,,,,,,,,,
goes,,the,,,,,,,,,,
.,,door,,,,,,,,,,
Give,,open,,,,,,,,,,
the,,",",,,",”",,,p,w_p_pre,,,
flute,,”,,add,,,,p,w_p_pre,,,
to,,said,,,,,,,,,,
Hermione,,Ron,,,,,,,,,,
so,,",",,,,,,p,w_p_pre,,,
she,,peering,,,,,,,,,,
can,,over,,,,,,,,,,
keep,,the,,,,,,,,,,
him,,dog’s,,,dog,,,,,,,
asleep,,,’,,,,,,,,,
.”,,,s,,,,,,,,,
Harry,,back,,,,,,,,,,
handed,,.,,,,EOS,,p,w_p_pre,,,
the,,“,,,,BOS,,p,w_p_fol,,,
flute,,Want,,,,,,,,,,
over,,to,,,,,,,,,,
.,,go,,,,,,,,,,
In,,first,,,,,,,,,,
the,,",",,,,,,p,w_p_pre,,,
few,,Hermione,,,,,,,,,,
seconds,,?,,,?”,,,p,w_p_pre,,,
’,,”,,add,,EOS,,p,w_p_pre,,,
silence,,“,,,,BOS,,p,w_p_fol,,,
",",,No,,,,,,,,,,
the,,",",,,,,,p,w_p_pre,,,
dog,,I,,,,,,,,,,
growled,,don’t,,,don,,,,,,,
and,,,’,,,,,,,,,
twitched,,,t,,,,,,,,,
",",,!,,,!”,,,p,w_p_pre,,,
but,,”,,add,,EOS,,p,w_p_pre,,,
the,,“,,,,BOS,,p,w_p_fol,,,
moment,,All,,,,,,,,,,
Hermione,,right,,,,,,,,,,
began,,.,,,.”,,,p,w_p_pre,,,
to,,”,,add,,EOS,,p,w_p_pre,,,
play,,Ron,,,,BOS,,,,,,
",",,gritted,,,,,,,,,,
it,,his,,,,,,,,,,
fell,,teeth,,,,,,,,,,
back,,and,,,,,,,,,,
into,,stepped,,,,,,,,,,
its,,carefully,,,,,,,,,,
deep,,over,,,,,,,,,,
sleep,,the,,,,,,,,,,
.,,dog’s,,,dog,,,,,,,
Harry,,,’,,,,,,,,,
climbed,,,s,,,,,,,,,
over,,legs,,,,,,,,,,
it,,.,,,,EOS,,p,w_p_pre,,,
and,,He,,,,BOS,,,,,,
looked,,bent,,,,,,,,,,
down,,and,,,,,,,,,,
through,,pulled,,,,,,,,,,
the,,the,,,,,,,,,,
trapdoor,,ring,,,,,,,,,,
.,,of,,,,,,,,,,
There,,the,,,,,,,,,,
was,,trapdoor,,,,,,,,,,
no,,",",,,,,,p,w_p_pre,,,
sign,,which,,,,,,,,,,
of,,swung,,,,,,,,,,
the,,up,,,,,,,,,,
bottom,,and,,,,,,,,,,
.,,open,,,,,,,,,,
He,,.,,,,EOS,EOP,p,w_p_pre,,,
lowered,,“,,,,BOS,BOP,p,w_p_fol,,,
himself,,What,,,,,,,,,,
through,,can,,,,,,,,,,
the,,you,,,,,,,,,,
hole,,see,,,,,,,,,,
until,,?,,,?”,,,p,w_p_pre,,,
he,,”,,add,,,,p,w_p_pre,,,
was,,Hermione,,,,,,,,,,
hanging,,said,,,,,,,,,,
on,,anxiously,,,,,,,,,,
by,,.,,,,EOS,,p,w_p_pre,,,
his,,“,,,,BOS,,p,w_p_fol,,,
fingertips,,Nothing,,,,,,,,,,
.,,—,,,,,,p,w_p_pre,,,
Then,,just,,,,,,,,,,
he,,black,,,,,,,,,,
looked,,—,,,,,,p,w_p_pre,,,
up,,there’s,,,there,,,,,,,
at,,,’,,,,,,,,,
Ron,,,s,,,,,,,,,
and,,no,,,,,,,,,,
said,,way,,,,,,,,,,
",",,of,,,,,,,,,,
“,,climbing,,,,,,,,,,
If,,down,,,,,,,,,,
anything,,",",,,,,,p,w_p_pre,,,
happens,,we’ll,,,we,,,,,,,
to,,,’,,,,,,,,,
me,,,ll,,,,,,,,,
",",,just,,,,,,,,,,
don,,have,,,,,,,,,,
’,,to,,,,,,,,,,
t,,drop,,,,,,,,,,
follow,,.,,,.”,,,p,w_p_pre,,,
.,,”,,add,,EOS,,p,w_p_pre,,,
Go,,Harry,,,,BOS,,,,,,
straight,,",",,,,,,p,w_p_pre,,,
to,,who,,,,,,,,,,
the,,was,,,,,,,,,,
owlery,,still,,,,,,,,,,
and,,playing,,,,,,,,,,
send,,the,,,,,,,,,,
Hedwig,,flute,,,,,,,,,,
to,,",",,,,,,p,w_p_pre,,,
Dumbledore,,waved,,,,,,,,,,
",",,at,,,,,,,,,,
right,,Ron,,,,,,,,,,
?”,,to,,,,,,,,,,
“,,get,,,,,,,,,,
Right,,his,,,,,,,,,,
",”",,attention,,,,,,,,,,
said,,and,,,,,,,,,,
Ron,,pointed,,,,,,,,,,
.,,at,,,,,,,,,,
“,,himself,,,,,,,,,,
See,,.,,,,EOS,,p,w_p_pre,,,
you,,“,,,,BOS/BOS_1,,p,w_p_fol,,,
in,,You,,,,,,,,,,
a,,want,,,,,,,,,,
minute,,to,,,,,,,,,,
",",,go,,,,,,,,,,
I,,first,,,,,,,,,,
hope,,?,,,,EOS_1,,p,w_p_pre,,,
.,,Are,,,,BOS_2,,,,,,
.,,you,,,,,,,,,,
.”,,sure,,,,,,,,,,
And,,?,,,?”,,,p,w_p_pre,,,
Harry,,”,,add,,,,p,w_p_pre,,,
let,,said,,,,,,,,,,
go,,Ron,,,,,,,,,,
.,,.,,,,EOS_2/EOS,,p,w_p_pre,,,
Cold,,“,,,,BOS,,p,w_p_fol,,,
",",,I,,,,,,,,,,
damp,,don’t,,,don,,,,,,,
air,,,’,,,,,,,,,
rushed,,,t,,,,,,,,,
past,,know,,,,,,,,,,
him,,how,,,,,,,,,,
as,,deep,,,,,,,,,,
he,,this,,,,,,,,,,
fell,,thing,,,,,,,,,,
down,,goes,,,,,,,,,,
",",,.,,,,EOS,,p,w_p_pre,,,
down,,Give,,,,BOS,,,,,,
",",,the,,,,,,,,,,
down,,flute,,,,,,,,,,
and,,to,,,,,,,,,,
—,,Hermione,,,,,,,,,,
FLUMP,,so,,,,,,,,,,
.,,she,,,,,,,,,,
With,,can,,,,,,,,,,
a,,keep,,,,,,,,,,
funny,,him,,,,,,,,,,
",",,asleep,,,,,,,,,,
muffled,,.,,,.”,,,p,w_p_pre,,,
sort,,”,,add,,EOS,EOP,p,w_p_pre,,,
of,,Harry,,,,BOS,BOP,,,,,
thump,,handed,,,,,,,,,,
he,,the,,,,,,,,,,
landed,,flute,,,,,,,,,,
on,,over,,,,,,,,,,
something,,.,,,,EOS,,p,w_p_pre,,,
soft,,In,,,,BOS,,,,,,
.,,the,,,,,,,,,,
He,,few,,,,,,,,,,
sat,,seconds,,,,,,,,,,
up,,’,,,,,,p,w_p_pre,,,
and,,silence,,,,,,,,,,
felt,,",",,,,,,p,w_p_pre,,,
around,,the,,,,,,,,,,
",",,dog,,,,,,,,,,
his,,growled,,,,,,,,,,
eyes,,and,,,,,,,,,,
not,,twitched,,,,,,,,,,
used,,",",,,,,,p,w_p_pre,,,
to,,but,,,,,,,,,,
the,,the,,,,,,,,,,
gloom,,moment,,,,,,,,,,
.,,Hermione,,,,,,,,,,
It,,began,,,,,,,,,,
felt,,to,,,,,,,,,,
as,,play,,,,,,,,,,
though,,",",,,,,,p,w_p_pre,,,
he,,it,,,,,,,,,,
was,,fell,,,,,,,,,,
sitting,,back,,,,,,,,,,
on,,into,,,,,,,,,,
some,,its,,,,,,,,,,
sort,,deep,,,,,,,,,,
of,,sleep,,,,,,,,,,
plant,,.,,,,EOS,,p,w_p_pre,,,
.,,Harry,,,,BOS,,,,,,
“,,climbed,,,,,,,,,,
It,,over,,,,,,,,,,
’,,it,,,,,,,,,,
s,,and,,,,,,,,,,
okay,,looked,,,,,,,,,,
!”,,down,,,,,,,,,,
he,,through,,,,,,,,,,
called,,the,,,,,,,,,,
up,,trapdoor,,,,,,,,,,
to,,.,,,,EOS,,p,w_p_pre,,,
the,,There,,,,BOS,,,,,,
light,,was,,,,,,,,,,
the,,no,,,,,,,,,,
size,,sign,,,,,,,,,,
of,,of,,,,,,,,,,
a,,the,,,,,,,,,,
postage,,bottom,,,,,,,,,,
stamp,,.,,,,EOS,,p,w_p_pre,,,
",",,He,,,,BOS,,,,,,
which,,lowered,,,,,,,,,,
was,,himself,,,,,,,,,,
the,,through,,,,,,,,,,
open,,the,,,,,,,,,,
trapdoor,,hole,,,,,,,,,,
",",,until,,,,,,,,,,
“,,he,,,,,,,,,,
it,,was,,,,,,,,,,
’,,hanging,,,,,,,,,,
s,,on,,,,,,,,,,
a,,by,,,,,,,,,,
soft,,his,,,,,,,,,,
landing,,fingertips,,,,,,,,,,
",",,.,,,,EOS,,p,w_p_pre,,,
you,,Then,,,,BOS,,,,,,
can,,he,,,,,,,,,,
jump,,looked,,,,,,,,,,
!”,,up,,,,,,,,,,
Ron,,at,,,,,,,,,,
followed,,Ron,,,,,,,,,,
right,,and,,,,,,,,,,
away,,said,,,,,,,,,,
.,,",",,,,,,p,w_p_pre,,,
He,,“,,,,,,p,w_p_fol,,,
landed,,If,,,,,,,,,,
",",,anything,,,,,,,,,,
sprawled,,happens,,,,,,,,,,
next,,to,,,,,,,,,,
to,,me,,,,,,,,,,
Harry,,",",,,,,,p,w_p_pre,,,
.,,don’t,,,don,,,,,,,
“,,,’,,,,,,,,,
What,,,t,,,,,,,,,
’,,follow,,,,,,,,,,
s,,.,,,,EOS,,p,w_p_pre,,,
this,,Go,,,,BOS,,,,,,
stuff,,straight,,,,,,,,,,
?”,,to,,,,,,,,,,
were,,the,,,,,,,,,,
his,,owlery,,,,,,,,,,
first,,and,,,,,,,,,,
words,,send,,,,,,,,,,
.,,Hedwig,,,,,,,,,,
“,,to,,,,,,,,,,
Dunno,,Dumbledore,,,,,,,,,,
",",,",",,,,,,p,w_p_pre,,,
some,,right,,,,,,,,,,
sort,,?,,,?”,,,p,w_p_pre,,,
of,,”,,add,,EOS,,p,w_p_pre,,,
plant,,“,,,,BOS,,p,w_p_fol,,,
thing,,Right,,,,,,,,,,
.,,",",,,",”",,,p,w_p_pre,,,
I,,”,,add,,,,p,w_p_pre,,,
suppose,,said,,,,,,,,,,
it,,Ron,,,,,,,,,,
’,,.,,,,EOS,,p,w_p_pre,,,
s,,“,,,,BOS,,p,w_p_fol,,,
here,,See,,,,,,,,,,
to,,you,,,,,,,,,,
break,,in,,,,,,,,,,
the,,a,,,,,,,,,,
fall,,minute,,,,,,,,,,
.,,",",,,,,,p,w_p_pre,,,
Come,,I,,,,,,,,,,
on,,hope,,,,,,,,,,
",",,.,,,,,,p,w_p_pre,,,
Hermione,,.,,,,,,p,w_p_pre,,,
!”,,.,,,.”,,,p,w_p_pre,,,
The,,”,,add,,EOS,EOP,p,w_p_pre,,,
distant,,And,,,,BOS,BOP,,,,,
music,,Harry,,,,,,,,,,
stopped,,let,,,,,,,,,,
.,,go,,,,,,,,,,
There,,.,,,,EOS,,p,w_p_pre,,,
was,,Cold,,,,BOS,,,,,,
a,,",",,,,,,p,w_p_pre,,,
loud,,damp,,,,,,,,,,
bark,,air,,,,,,,,,,
from,,rushed,,,,,,,,,,
the,,past,,,,,,,,,,
dog,,him,,,,,,,,,,
",",,as,,,,,,,,,,
but,,he,,,,,,,,,,
Hermione,,fell,,,,,,,,,,
had,,down,,,,,,,,,,
already,,",",,,,,,p,w_p_pre,,,
jumped,,down,,,,,,,,,,
.,,",",,,,,,p,w_p_pre,,,
She,,down,,,,,,,,,,
landed,,and,,,,,,,,,,
on,,—,,,,,,p,w_p_pre,,,
Harry,,FLUMP,,,,,,,,,,
’,,.,,,,EOS,,p,w_p_pre,,,
s,,With,,,,BOS,,,,,,
other,,a,,,,,,,,,,
side,,funny,,,,,,,,,,
.,,",",,,,,,p,w_p_pre,,,
“,,muffled,,,,,,,,,,
We,,sort,,,,,,,,,,
must,,of,,,,,,,,,,
be,,thump,,,,,,,,,,
miles,,he,,,,,,,,,,
under,,landed,,,,,,,,,,
the,,on,,,,,,,,,,
school,,something,,,,,,,,,,
",”",,soft,,,,,,,,,,
she,,.,,,,EOS,,p,w_p_pre,,,
said,,He,,,,BOS,,,,,,
.,,sat,,,,,,,,,,
“,,up,,,,,,,,,,
Lucky,,and,,,,,,,,,,
this,,felt,,,,,,,,,,
plant,,around,,,,,,,,,,
thing,,",",,,,,,p,w_p_pre,,,
’,,his,,,,,,,,,,
s,,eyes,,,,,,,,,,
here,,not,,,,,,,,,,
",",,used,,,,,,,,,,
really,,to,,,,,,,,,,
",”",,the,,,,,,,,,,
said,,gloom,,,,,,,,,,
Ron,,.,,,,EOS,,p,w_p_pre,,,
.,,It,,,,BOS,,,,,,
“,,felt,,,,,,,,,,
ZwcCv,,as,,,,,,,,,,
!”,,though,,,,,,,,,,
shrieked,,he,,,,,,,,,,
Hermione,,was,,,,,,,,,,
.,,sitting,,,,,,,,,,
“,,on,,,,,,,,,,
Look,,some,,,,,,,,,,
at,,sort,,,,,,,,,,
you,,of,,,,,,,,,,
both,,plant,,,,,,,,,,
!”,,.,,,,EOS,EOP,p,w_p_pre,,,
She,,“,,,,BOS,BOP,p,w_p_fol,,,
leapt,,It’s,,,It,,,,,,,
up,,,’,,,,,,,,,
and,,,s,,,,,,,,,
struggled,,okay,,,,,,,,,,
toward,,!,,,!”,,,p,w_p_pre,,,
a,,”,,add,,,,p,w_p_pre,,,
damp,,he,,,,,,,,,,
wall,,called,,,,,,,,,,
.,,up,,,,,,,,,,
She,,to,,,,,,,,,,
had,,the,,,,,,,,,,
to,,light,,,,,,,,,,
struggle,,the,,,,,,,,,,
because,,size,,,,,,,,,,
the,,of,,,,,,,,,,
moment,,a,,,,,,,,,,
she,,postage,,,,,,,,,,
had,,stamp,,,,,,,,,,
landed,,",",,,,,,p,w_p_pre,,,
",",,which,,,,,,,,,,
the,,was,,,,,,,,,,
plant,,the,,,,,,,,,,
had,,open,,,,,,,,,,
started,,trapdoor,,,,,,,,,,
to,,",",,,,,,p,w_p_pre,,,
twist,,“,,,,,,p,w_p_fol,,,
snake,,it’s,,,it,,,,,,,
like,,,’,,,,,,,,,
tendrils,,,s,,,,,,,,,
around,,a,,,,,,,,,,
her,,soft,,,,,,,,,,
ankles,,landing,,,,,,,,,,
.,,",",,,,,,p,w_p_pre,,,
As,,you,,,,,,,,,,
for,,can,,,,,,,,,,
Harry,,jump,,,,,,,,,,
and,,!,,,!”,,,p,w_p_pre,,,
Ron,,”,,add,,EOS,,p,w_p_pre,,,
",",,Ron,,,,BOS,,,,,,
their,,followed,,,,,,,,,,
legs,,right,,,,,,,,,,
had,,away,,,,,,,,,,
already,,.,,,,EOS,,p,w_p_pre,,,
been,,He,,,,BOS,,,,,,
bound,,landed,,,,,,,,,,
tightly,,",",,,,,,p,w_p_pre,,,
in,,sprawled,,,,,,,,,,
long,,next,,,,,,,,,,
creepers,,to,,,,,,,,,,
without,,Harry,,,,,,,,,,
their,,.,,,,EOS,,p,w_p_pre,,,
noticing,,“,,,,BOS,,p,w_p_fol,,,
.,,What’s,,,What,,,,,,,
Hermione,,,’,,,,,,,,,
had,,,s,,,,,,,,,
managed,,this,,,,,,,,,,
to,,stuff,,,,,,,,,,
free,,?,,,?”,,,p,w_p_pre,,,
herself,,”,,add,,,,p,w_p_pre,,,
before,,were,,,,,,,,,,
the,,his,,,,,,,,,,
plant,,first,,,,,,,,,,
got,,words,,,,,,,,,,
a,,.,,,,EOS,,p,w_p_pre,,,
firm,,“,,,,BOS,,p,w_p_fol,,,
grip,,Dunno,,,,,,,,,,
on,,",",,,,,,p,w_p_pre,,,
her,,some,,,,,,,,,,
.,,sort,,,,,,,,,,
Now,,of,,,,,,,,,,
she,,plant,,,,,,,,,,
watched,,thing,,,,,,,,,,
in,,.,,,,EOS,,p,w_p_pre,,,
horror,,I,,,,BOS,,,,,,
as,,suppose,,,,,,,,,,
the,,it’s,,,it,,,,,,,
two,,,’,,,,,,,,,
boys,,,s,,,,,,,,,
fought,,here,,,,,,,,,,
to,,to,,,,,,,,,,
pull,,break,,,,,,,,,,
the,,the,,,,,,,,,,
plant,,fall,,,,,,,,,,
off,,.,,,,EOS,,p,w_p_pre,,,
them,,Come,,,,BOS,,,,,,
",",,on,,,,,,,,,,
but,,",",,,,,,p,w_p_pre,,,
the,,Hermione,,,,,,,,,,
more,,!,,,!”,,,p,w_p_pre,,,
they,,”,,add,,EOS,EOP,p,w_p_pre,,,
strained,,The,,,,BOS,BOP,,,,,
against,,distant,,,,,,,,,,
it,,music,,,,,,,,,,
",",,stopped,,,,,,,,,,
the,,.,,,,EOS,,p,w_p_pre,,,
tighter,,There,,,,BOS,,,,,,
and,,was,,,,,,,,,,
faster,,a,,,,,,,,,,
the,,loud,,,,,,,,,,
plant,,bark,,,,,,,,,,
wound,,from,,,,,,,,,,
around,,the,,,,,,,,,,
them,,dog,,,,,,,,,,
.,,",",,,,,,p,w_p_pre,,,
“,,but,,,,,,,,,,
Stop,,Hermione,,,,,,,,,,
moving,,had,,,,,,,,,,
!”,,already,,,,,,,,,,
Hennione,,jumped,,,,,,,,,,
ordered,,.,,,,EOS,,p,w_p_pre,,,
them,,She,,,,BOS,,,,,,
.,,landed,,,,,,,,,,
“,,on,,,,,,,,,,
I,,Harry’s,,,Harry,,,,,,,
know,,,’,,,,,,,,,
what,,,s,,,,,,,,,
this,,other,,,,,,,,,,
is,,side,,,,,,,,,,
—,,.,,,,EOS,,p,w_p_pre,,,
it,,“,,,,BOS,,p,w_p_fol,,,
’,,We,,,,,,,,,,
s,,must,,,,,,,,,,
Devil,,be,,,,,,,,,,
’,,miles,,,,,,,,,,
s,,under,,,,,,,,,,
Snare,,the,,,,,,,,,,
!”,,school,,,,,,,,,,
“,,",",,,",”",,,p,w_p_pre,,,
Oh,,”,,add,,,,p,w_p_pre,,,
",",,she,,,,,,,,,,
I,,said,,,,,,,,,,
’,,.,,,,EOS,,p,w_p_pre,,,
m,,“,,,,BOS,,p,w_p_fol,,,
so,,Lucky,,,,,,,,,,
glad,,this,,,,,,,,,,
we,,plant,,,,,,,,,,
know,,thing’s,,,thing,,,,,,,
what,,,’,,,,,,,,,
it,,,s,,,,,,,,,
’,,here,,,,,,,,,,
s,,",",,,,,,p,w_p_pre,,,
called,,really,,,,,,,,,,
",",,",",,,",”",,,p,w_p_pre,,,
that,,”,,add,,,,p,w_p_pre,,,
’,,said,,,,,,,,,,
s,,Ron,,,,,,,,,,
a,,.,,,,EOS,,p,w_p_pre,,,
great,,“,,,,BOS,,p,w_p_fol,,,
help,,Lucky,,,ZwcCv,,,,,,,
",”",,!,,,!”,,,p,w_p_pre,,,
snarled,,”,,add,,,,p,w_p_pre,,,
Ron,,shrieked,,,,,,,,,,
",",,Hermione,,,,,,,,,,
leaning,,.,,,,EOS,,p,w_p_pre,,,
back,,“,,,,BOS,,p,w_p_fol,,,
",",,Look,,,,,,,,,,
trying,,at,,,,,,,,,,
to,,you,,,,,,,,,,
stop,,both,,,,,,,,,,
the,,!,,,!”,,,p,w_p_pre,,,
plant,,”,,add,,EOS,,p,w_p_pre,,,
from,,She,,,,BOS,,,,,,
curling,,leapt,,,,,,,,,,
around,,up,,,,,,,,,,
his,,and,,,,,,,,,,
neck,,struggled,,,,,,,,,,
.,,toward,,,,,,,,,,
“,,a,,,,,,,,,,
Shut,,damp,,,,,,,,,,
up,,wall,,,,,,,,,,
.,,.,,,,EOS,,p,w_p_pre,,,
I,,She,,,,BOS,,,,,,
’,,had,,,,,,,,,,
m,,to,,,,,,,,,,
trying,,struggle,,,,,,,,,,
to,,because,,,,,,,,,,
remember,,the,,,,,,,,,,
how,,moment,,,,,,,,,,
to,,she,,,,,,,,,,
kill,,had,,,,,,,,,,
it,,landed,,,,,,,,,,
!”,,",",,,,,,p,w_p_pre,,,
said,,the,,,,,,,,,,
Hermione,,plant,,,,,,,,,,
.,,had,,,,,,,,,,
“,,started,,,,,,,,,,
Well,,to,,,,,,,,,,
",",,twist,,,,,,,,,,
hurry,,snakelike,,,snake,,,,,,,
up,,,like,,,,,,,,,
",",,tendrils,,,,,,,,,,
I,,around,,,,,,,,,,
can,,her,,,,,,,,,,
’,,ankles,,,,,,,,,,
t,,.,,,,EOS,,p,w_p_pre,,,
breathe,,As,,,,BOS,,,,,,
!”,,for,,,,,,,,,,
Harry,,Harry,,,,,,,,,,
gasped,,and,,,,,,,,,,
",",,Ron,,,,,,,,,,
wrestling,,",",,,,,,p,w_p_pre,,,
with,,their,,,,,,,,,,
it,,legs,,,,,,,,,,
as,,had,,,,,,,,,,
it,,already,,,,,,,,,,
curled,,been,,,,,,,,,,
around,,bound,,,,,,,,,,
his,,tightly,,,,,,,,,,
chest,,in,,,,,,,,,,
.,,long,,,,,,,,,,
“,,creepers,,,,,,,,,,
Devil,,without,,,,,,,,,,
’,,their,,,,,,,,,,
s,,noticing,,,,,,,,,,
Snare,,.,,,,EOS,EOP,p,w_p_pre,,,
",",,Hermione,,,,BOS,BOP,,,,,
Devil,,had,,,,,,,,,,
’,,managed,,,,,,,,,,
s,,to,,,,,,,,,,
Snare,,free,,,,,,,,,,
.,,herself,,,,,,,,,,
.,,before,,,,,,,,,,
.,,the,,,,,,,,,,
what,,plant,,,,,,,,,,
did,,got,,,,,,,,,,
Professor,,a,,,,,,,,,,
Sprout,,firm,,,,,,,,,,
say,,grip,,,,,,,,,,
?,,on,,,,,,,,,,
—,,her,,,,,,,,,,
it,,.,,,,EOS,,p,w_p_pre,,,
likes,,Now,,,,BOS,,,,,,
the,,she,,,,,,,,,,
dark,,watched,,,,,,,,,,
and,,in,,,,,,,,,,
the,,horror,,,,,,,,,,
damp,,as,,,,,,,,,,
.”,,the,,,,,,,,,,
“,,two,,,,,,,,,,
So,,boys,,,,,,,,,,
light,,fought,,,,,,,,,,
a,,to,,,,,,,,,,
fire,,pull,,,,,,,,,,
!”,,the,,,,,,,,,,
Harry,,plant,,,,,,,,,,
choked,,off,,,,,,,,,,
.,,them,,,,,,,,,,
“,,",",,,,,,p,w_p_pre,,,
Yes,,but,,,,,,,,,,
—,,the,,,,,,,,,,
of,,more,,,,,,,,,,
course,,they,,,,,,,,,,
—,,strained,,,,,,,,,,
but,,against,,,,,,,,,,
there,,it,,,,,,,,,,
’,,",",,,,,,p,w_p_pre,,,
s,,the,,,,,,,,,,
no,,tighter,,,,,,,,,,
wood,,and,,,,,,,,,,
!”,,faster,,,,,,,,,,
Hermione,,the,,,,,,,,,,
cried,,plant,,,,,,,,,,
",",,wound,,,,,,,,,,
wringing,,around,,,,,,,,,,
her,,them,,,,,,,,,,
hands,,.,,,,EOS,,p,w_p_pre,,,
.,,“,,,,BOS,,p,w_p_fol,,,
“,,Stop,,,,,,,,,,
HAVE,,moving,,,,,,,,,,
YOU,,!,,,!”,,,p,w_p_pre,,,
GONE,,”,,add,,,,p,w_p_pre,,,
MAD,,Hermione,,,Hennione,,,,,,,
?”,,ordered,,,,,,,,,,
Ron,,them,,,,,,,,,,
bellowed,,.,,,,EOS,,p,w_p_pre,,,
.,,“,,,,BOS,,p,w_p_fol,,,
“,,I,,,,,,,,,,
ARE,,know,,,,,,,,,,
YOU,,what,,,,,,,,,,
A,,this,,,,,,,,,,
WITCH,,is,,,,,,,,,,
OR,,—,,,,,,p,w_p_pre,,,
NOT,,it’s,,,it,,,,,,,
?”,,,’,,,,,,,,,
“,,,s,,,,,,,,,
Oh,,Devil’s,,,Devil,,,,,,,
",",,,’,,,,,,,,,
right,,,s,,,,,,,,,
!”,,Snare,,,,,,,,,,
said,,!,,,!”,,,p,w_p_pre,,,
Hermione,,”,,add,,EOS,,p,w_p_pre,,,
",",,“,,,,BOS,,p,w_p_fol,,,
and,,Oh,,,,,,,,,,
she,,",",,,,,,p,w_p_pre,,,
whipped,,I’m,,,I,,,,,,,
out,,,’,,,,,,,,,
her,,,m,,,,,,,,,
wand,,so,,,,,,,,,,
",",,glad,,,,,,,,,,
waved,,we,,,,,,,,,,
it,,know,,,,,,,,,,
",",,what,,,,,,,,,,
muttered,,it’s,,,it,,,,,,,
something,,,’,,,,,,,,,
",",,,s,,,,,,,,,
and,,called,,,,,,,,,,
sent,,",",,,,,,p,w_p_pre,,,
a,,that’s,,,that,,,,,,,
jet,,,’,,,,,,,,,
of,,,s,,,,,,,,,
the,,a,,,,,,,,,,
same,,great,,,,,,,,,,
bluebell,,help,,,,,,,,,,
flames,,",",,,",”",,,p,w_p_pre,,,
she,,”,,add,,,,p,w_p_pre,,,
had,,snarled,,,,,,,,,,
used,,Ron,,,,,,,,,,
on,,",",,,,,,p,w_p_pre,,,
Snape,,leaning,,,,,,,,,,
at,,back,,,,,,,,,,
the,,",",,,,,,p,w_p_pre,,,
plant,,trying,,,,,,,,,,
.,,to,,,,,,,,,,
In,,stop,,,,,,,,,,
a,,the,,,,,,,,,,
matter,,plant,,,,,,,,,,
of,,from,,,,,,,,,,
seconds,,curling,,,,,,,,,,
",",,around,,,,,,,,,,
the,,his,,,,,,,,,,
two,,neck,,,,,,,,,,
boys,,.,,,,EOS,,p,w_p_pre,,,
felt,,“,,,,BOS,,p,w_p_fol,,,
it,,Shut,,,,,,,,,,
loosening,,up,,,,,,,,,,
its,,.,,,,EOS,,p,w_p_pre,,,
grip,,I’m,,,I,BOS,,,,,,
as,,,’,,,,,,,,,
it,,,m,,,,,,,,,
cringed,,trying,,,,,,,,,,
away,,to,,,,,,,,,,
from,,remember,,,,,,,,,,
the,,how,,,,,,,,,,
light,,to,,,,,,,,,,
and,,kill,,,,,,,,,,
warmth,,it,,,,,,,,,,
.,,!,,,!”,,,p,w_p_pre,,,
Wriggling,,”,,add,,,,p,w_p_pre,,,
and,,said,,,,,,,,,,
flailing,,Hermione,,,,,,,,,,
",",,.,,,,EOS,,p,w_p_pre,,,
it,,“,,,,BOS,,p,w_p_fol,,,
unraveled,,Well,,,,,,,,,,
itself,,",",,,,,,p,w_p_pre,,,
from,,hurry,,,,,,,,,,
their,,up,,,,,,,,,,
bodies,,",",,,,,,p,w_p_pre,,,
",",,I,,,,,,,,,,
and,,can’t,,,can,,,,,,,
they,,,’,,,,,,,,,
were,,,t,,,,,,,,,
able,,breathe,,,,,,,,,,
to,,!,,,!”,,,p,w_p_pre,,,
pull,,”,,add,,,,p,w_p_pre,,,
free,,Harry,,,,,,,,,,
.,,gasped,,,,,,,,,,
“,,",",,,,,,p,w_p_pre,,,
Lucky,,wrestling,,,,,,,,,,
you,,with,,,,,,,,,,
pay,,it,,,,,,,,,,
attention,,as,,,,,,,,,,
in,,it,,,,,,,,,,
Herbology,,curled,,,,,,,,,,
",",,around,,,,,,,,,,
Hermione,,his,,,,,,,,,,
",”",,chest,,,,,,,,,,
said,,.,,,,EOS,EOP,p,w_p_pre,,,
Harry,,“,,,,BOS,BOP,p,w_p_fol,,,
as,,Devil’s,,,Devil,,,,,,,
he,,,’,,,,,,,,,
joined,,,s,,,,,,,,,
her,,Snare,,,,,,,,,,
by,,",",,,,,,p,w_p_pre,,,
the,,Devil’s,,,Devil,,,,,,,
wall,,,’,,,,,,,,,
",",,,s,,,,,,,,,
wiping,,Snare,,,,,,,,,,
sweat,,.,,,,,,p,w_p_pre,,,
off,,.,,,,,,p,w_p_pre,,,
his,,.,,,,,,p,w_p_pre,,,
face,,what,,,,,,,,,,
.,,did,,,,,,,,,,
“,,Professor,,,,,,,,,,
Yeah,,Sprout,,,,,,,,,,
",”",,say,,,,,,,,,,
said,,?,,,,,,p,w_p_pre,,,
Ron,,—,,,,,,p,w_p_pre,,,
",",,it,,,,,,,,,,
“,,likes,,,,,,,,,,
and,,the,,,,,,,,,,
lucky,,dark,,,,,,,,,,
Harry,,and,,,,,,,,,,
doesn,,the,,,,,,,,,,
’,,damp,,,,,,,,,,
t,,.,,,.”,,,p,w_p_pre,,,
lose,,”,,add,,EOS,,p,w_p_pre,,,
his,,“,,,,BOS,,p,w_p_fol,,,
head,,So,,,,,,,,,,
in,,light,,,,,,,,,,
a,,a,,,,,,,,,,
crisis,,fire,,,,,,,,,,
—,,!,,,!”,,,p,w_p_pre,,,
‘,,”,,add,,,,p,w_p_pre,,,
there,,Harry,,,,,,,,,,
’,,choked,,,,,,,,,,
s,,.,,,,EOS,,p,w_p_pre,,,
no,,“,,,,BOS,,p,w_p_fol,,,
wood,,Yes,,,,,,,,,,
",’",,—,,,,,,p,w_p_pre,,,
honestly,,of,,,,,,,,,,
.”,,course,,,,,,,,,,
“,,—,,,,,,p,w_p_pre,,,
This,,but,,,,,,,,,,
way,,there’s,,,there,,,,,,,
",”",,,’,,,,,,,,,
said,,,s,,,,,,,,,
Harry,,no,,,,,,,,,,
",",,wood,,,,,,,,,,
pointing,,!,,,!”,,,p,w_p_pre,,,
down,,”,,add,,,,p,w_p_pre,,,
a,,Hermione,,,,,,,,,,
stone,,cried,,,,,,,,,,
passageway,,",",,,,,,p,w_p_pre,,,
",",,wringing,,,,,,,,,,
which,,her,,,,,,,,,,
was,,hands,,,,,,,,,,
the,,.,,,,EOS,,p,w_p_pre,,,
only,,“,,,,BOS,,p,w_p_fol,,,
way,,HAVE,,,,,,,,,,
forward,,YOU,,,,,,,,,,
.,,GONE,,,,,,,,,,
All,,MAD,,,,,,,,,,
they,,?,,,?”,,,p,w_p_pre,,,
could,,”,,add,,,,p,w_p_pre,,,
hear,,Ron,,,,,,,,,,
apart,,bellowed,,,,,,,,,,
from,,.,,,,EOS,,p,w_p_pre,,,
their,,“,,,,BOS,,p,w_p_fol,,,
footsteps,,ARE,,,,,,,,,,
was,,YOU,,,,,,,,,,
the,,A,,,,,,,,,,
gentle,,WITCH,,,,,,,,,,
drip,,OR,,,,,,,,,,
of,,NOT,,,,,,,,,,
water,,?,,,?”,,,p,w_p_pre,,,
trickling,,”,,add,,EOS,,p,w_p_pre,,,
down,,“,,,,BOS,,p,w_p_fol,,,
the,,Oh,,,,,,,,,,
walls,,",",,,,,,p,w_p_pre,,,
.,,right,,,,,,,,,,
The,,!,,,!”,,,p,w_p_pre,,,
passageway,,”,,add,,,,p,w_p_pre,,,
sloped,,said,,,,,,,,,,
downward,,Hermione,,,,,,,,,,
",",,",",,,,,,p,w_p_pre,,,
and,,and,,,,,,,,,,
Harry,,she,,,,,,,,,,
was,,whipped,,,,,,,,,,
reminded,,out,,,,,,,,,,
of,,her,,,,,,,,,,
Gringotts,,wand,,,,,,,,,,
.,,",",,,,,,p,w_p_pre,,,
With,,waved,,,,,,,,,,
an,,it,,,,,,,,,,
unpleasant,,",",,,,,,p,w_p_pre,,,
jolt,,muttered,,,,,,,,,,
of,,something,,,,,,,,,,
the,,",",,,,,,p,w_p_pre,,,
heart,,and,,,,,,,,,,
",",,sent,,,,,,,,,,
he,,a,,,,,,,,,,
remembered,,jet,,,,,,,,,,
the,,of,,,,,,,,,,
dragons,,the,,,,,,,,,,
said,,same,,,,,,,,,,
to,,bluebell,,,,,,,,,,
be,,flames,,,,,,,,,,
guarding,,she,,,,,,,,,,
vaults,,had,,,,,,,,,,
in,,used,,,,,,,,,,
the,,on,,,,,,,,,,
wizards,,Snape,,,,,,,,,,
’,,at,,,,,,,,,,
bank,,the,,,,,,,,,,
.,,plant,,,,,,,,,,
If,,.,,,,EOS,,p,w_p_pre,,,
they,,In,,,,BOS,,,,,,
met,,a,,,,,,,,,,
a,,matter,,,,,,,,,,
dragon,,of,,,,,,,,,,
",",,seconds,,,,,,,,,,
a,,",",,,,,,p,w_p_pre,,,
fully,,the,,,,,,,,,,
-,,two,,,,,,,,,,
grown,,boys,,,,,,,,,,
dragon,,felt,,,,,,,,,,
—,,it,,,,,,,,,,
Norbert,,loosening,,,,,,,,,,
had,,its,,,,,,,,,,
been,,grip,,,,,,,,,,
bad,,as,,,,,,,,,,
enough,,it,,,,,,,,,,
.,,cringed,,,,,,,,,,
.,,away,,,,,,,,,,
.,,from,,,,,,,,,,
“,,the,,,,,,,,,,
Can,,light,,,,,,,,,,
you,,and,,,,,,,,,,
hear,,warmth,,,,,,,,,,
something,,.,,,,EOS,,p,w_p_pre,,,
?”,,Wriggling,,,,BOS,,,,,,
Ron,,and,,,,,,,,,,
whispered,,flailing,,,,,,,,,,
.,,",",,,,,,p,w_p_pre,,,
Harry,,it,,,,,,,,,,
listened,,unraveled,,,,,,,,,,
.,,itself,,,,,,,,,,
A,,from,,,,,,,,,,
soft,,their,,,,,,,,,,
rustling,,bodies,,,,,,,,,,
and,,",",,,,,,p,w_p_pre,,,
clinking,,and,,,,,,,,,,
seemed,,they,,,,,,,,,,
to,,were,,,,,,,,,,
be,,able,,,,,,,,,,
coming,,to,,,,,,,,,,
from,,pull,,,,,,,,,,
up,,free,,,,,,,,,,
ahead,,.,,,,EOS,EOP,p,w_p_pre,,,
.,,“,,,,BOS,BOP,p,w_p_fol,,,
“,,Lucky,,,,,,,,,,
Do,,you,,,,,,,,,,
you,,pay,,,,,,,,,,
think,,attention,,,,,,,,,,
it,,in,,,,,,,,,,
’,,Herbology,,,,,,,,,,
s,,",",,,,,,p,w_p_pre,,,
a,,Hermione,,,,,,,,,,
ghost,,",",,,",”",,,p,w_p_pre,,,
?”,,”,,add,,,,p,w_p_pre,,,
“,,said,,,,,,,,,,
I,,Harry,,,,,,,,,,
don,,as,,,,,,,,,,
’,,he,,,,,,,,,,
t,,joined,,,,,,,,,,
know,,her,,,,,,,,,,
.,,by,,,,,,,,,,
.,,the,,,,,,,,,,
.,,wall,,,,,,,,,,
sounds,,",",,,,,,p,w_p_pre,,,
like,,wiping,,,,,,,,,,
wings,,sweat,,,,,,,,,,
to,,off,,,,,,,,,,
me,,his,,,,,,,,,,
.”,,face,,,,,,,,,,
“,,.,,,,EOS,,p,w_p_pre,,,
There,,“,,,,BOS,,p,w_p_fol,,,
’,,Yeah,,,,,,,,,,
s,,",",,,",”",,,p,w_p_pre,,,
light,,”,,add,,,,p,w_p_pre,,,
ahead,,said,,,,,,,,,,
—,,Ron,,,,,,,,,,
I,,",",,,,,,p,w_p_pre,,,
can,,“,,,,,,p,w_p_pre,,,
see,,and,,,,,,,,,,
something,,lucky,,,,,,,,,,
moving,,Harry,,,,,,,,,,
.”,,doesn’t,,,doesn,,,,,,,
They,,,’,,,,,,,,,
reached,,,t,,,,,,,,,
the,,lose,,,,,,,,,,
end,,his,,,,,,,,,,
of,,head,,,,,,,,,,
the,,in,,,,,,,,,,
passageway,,a,,,,,,,,,,
and,,crisis,,,,,,,,,,
saw,,—,,,,,,p,w_p_pre,,,
before,,‘,,,,,,p,w_p_fol,,,
them,,there’s,,,there,,,,,,,
a,,,’,,,,,,,,,
brilliantly,,,s,,,,,,,,,
lit,,no,,,,,,,,,,
chamber,,wood,,,,,,,,,,
",",,",",,,",’",,,p,w_p_pre,,,
its,,’,,add,,,,p,w_p_pre,,,
ceiling,,honestly,,,,,,,,,,
arching,,.,,,.”,,,p,w_p_pre,,,
high,,”,,add,,EOS,,p,w_p_pre,,,
above,,“,,,,BOS,,p,w_p_fol,,,
them,,This,,,,,,,,,,
.,,way,,,,,,,,,,
It,,",",,,",”",,,p,w_p_pre,,,
was,,”,,add,,,,p,w_p_pre,,,
full,,said,,,,,,,,,,
of,,Harry,,,,,,,,,,
small,,",",,,,,,p,w_p_pre,,,
",",,pointing,,,,,,,,,,
jewel,,down,,,,,,,,,,
-,,a,,,,,,,,,,
bright,,stone,,,,,,,,,,
birds,,passageway,,,,,,,,,,
",",,",",,,,,,p,w_p_pre,,,
fluttering,,which,,,,,,,,,,
and,,was,,,,,,,,,,
tumbling,,the,,,,,,,,,,
all,,only,,,,,,,,,,
around,,way,,,,,,,,,,
the,,forward,,,,,,,,,,
room,,.,,,,EOS,,p,w_p_pre,,,
.,,All,,,,BOS,,,,,,
On,,they,,,,,,,,,,
the,,could,,,,,,,,,,
opposite,,hear,,,,,,,,,,
side,,apart,,,,,,,,,,
of,,from,,,,,,,,,,
the,,their,,,,,,,,,,
chamber,,footsteps,,,,,,,,,,
was,,was,,,,,,,,,,
a,,the,,,,,,,,,,
heavy,,gentle,,,,,,,,,,
wooden,,drip,,,,,,,,,,
door,,of,,,,,,,,,,
.,,water,,,,,,,,,,
“,,trickling,,,,,,,,,,
Do,,down,,,,,,,,,,
you,,the,,,,,,,,,,
think,,walls,,,,,,,,,,
they,,.,,,,EOS,,p,w_p_pre,,,
’,,The,,,,BOS,,,,,,
ll,,passageway,,,,,,,,,,
attack,,sloped,,,,,,,,,,
us,,downward,,,,,,,,,,
if,,",",,,,,,p,w_p_pre,,,
we,,and,,,,,,,,,,
cross,,Harry,,,,,,,,,,
the,,was,,,,,,,,,,
room,,reminded,,,,,,,,,,
?”,,of,,,,,,,,,,
said,,Gringotts,,,,,,,,,,
Ron,,.,,,,EOS,,p,w_p_pre,,,
.,,With,,,,BOS,,,,,,
“,,an,,,,,,,,,,
Probably,,unpleasant,,,,,,,,,,
",”",,jolt,,,,,,,,,,
said,,of,,,,,,,,,,
Harry,,the,,,,,,,,,,
.,,heart,,,,,,,,,,
“,,",",,,,,,p,w_p_pre,,,
They,,he,,,,,,,,,,
don,,remembered,,,,,,,,,,
’,,the,,,,,,,,,,
t,,dragons,,,,,,,,,,
look,,said,,,,,,,,,,
very,,to,,,,,,,,,,
vicious,,be,,,,,,,,,,
",",,guarding,,,,,,,,,,
but,,vaults,,,,,,,,,,
I,,in,,,,,,,,,,
suppose,,the,,,,,,,,,,
if,,wizards’,,,wizards,,,,,,,
they,,,’,,,,,,,,,
all,,bank,,,,,,,,,,
swooped,,.,,,,EOS,,p,w_p_pre,,,
down,,If,,,,BOS,,,,,,
at,,they,,,,,,,,,,
once,,met,,,,,,,,,,
...,,a,,,,,,,,,,
well,,dragon,,,,,,,,,,
",",,",",,,,,,p,w_p_pre,,,
there,,a,,,,,,,,,,
’,,fully-grown,,,fully,,,,,,,
s,,,-,,,,,,,,,
no,,,grown,,,,,,,,,
other,,dragon,,,,,,,,,,
choice,,—,,,,,,p,w_p_pre,,,
...,,Norbert,,,,,,,,,,
I,,had,,,,,,,,,,
’,,been,,,,,,,,,,
ll,,bad,,,,,,,,,,
run,,enough,,,,,,,,,,
.”,,.,,,,,,p,w_p_pre,,,
He,,.,,,,,,p,w_p_pre,,,
took,,.,,,,EOS,EOP,p,w_p_pre,,,
a,,“,,,,BOS,BOP,p,w_p_fol,,,
deep,,Can,,,,,,,,,,
breath,,you,,,,,,,,,,
",",,hear,,,,,,,,,,
covered,,something,,,,,,,,,,
his,,?,,,?”,,,p,w_p_pre,,,
face,,”,,add,,,,p,w_p_pre,,,
with,,Ron,,,,,,,,,,
his,,whispered,,,,,,,,,,
arms,,.,,,,EOS,,p,w_p_pre,,,
",",,Harry,,,,BOS,,,,,,
and,,listened,,,,,,,,,,
sprinted,,.,,,,EOS,,p,w_p_pre,,,
across,,A,,,,BOS,,,,,,
the,,soft,,,,,,,,,,
room,,rustling,,,,,,,,,,
.,,and,,,,,,,,,,
He,,clinking,,,,,,,,,,
expected,,seemed,,,,,,,,,,
to,,to,,,,,,,,,,
feel,,be,,,,,,,,,,
sharp,,coming,,,,,,,,,,
beaks,,from,,,,,,,,,,
and,,up,,,,,,,,,,
claws,,ahead,,,,,,,,,,
tearing,,.,,,,EOS,,p,w_p_pre,,,
at,,“,,,,BOS,,p,w_p_fol,,,
him,,Do,,,,,,,,,,
any,,you,,,,,,,,,,
second,,think,,,,,,,,,,
",",,it’s,,,it,,,,,,,
but,,,’,,,,,,,,,
nothing,,,s,,,,,,,,,
happened,,a,,,,,,,,,,
.,,ghost,,,,,,,,,,
He,,?,,,?”,,,p,w_p_pre,,,
reached,,”,,add,,EOS,,p,w_p_pre,,,
the,,“,,,,BOS,,p,w_p_fol,,,
door,,I,,,,,,,,,,
untouched,,don’t,,,don,,,,,,,
.,,,’,,,,,,,,,
He,,,t,,,,,,,,,
pulled,,know,,,,,,,,,,
the,,.,,,,,,p,w_p_pre,,,
handle,,.,,,,,,p,w_p_pre,,,
",",,.,,,,,,p,w_p_pre,,,
but,,sounds,,,,,,,,,,
it,,like,,,,,,,,,,
was,,wings,,,,,,,,,,
locked,,to,,,,,,,,,,
.,,me,,,,,,,,,,
The,,.,,,.”,,,p,w_p_pre,,,
other,,”,,add,,EOS,,p,w_p_pre,,,
two,,“,,,,BOS,,p,w_p_fol,,,
followed,,There’s,,,There,,,,,,,
him,,,’,,,,,,,,,
.,,,s,,,,,,,,,
They,,light,,,,,,,,,,
tugged,,ahead,,,,,,,,,,
and,,—,,,,,,p,w_p_pre,,,
heaved,,I,,,,,,,,,,
at,,can,,,,,,,,,,
the,,see,,,,,,,,,,
door,,something,,,,,,,,,,
",",,moving,,,,,,,,,,
but,,.,,,.”,,,p,w_p_pre,,,
it,,”,,add,,EOS,,p,w_p_pre,,,
wouldn,,They,,,,BOS,,,,,,
’,,reached,,,,,,,,,,
t,,the,,,,,,,,,,
budge,,end,,,,,,,,,,
",",,of,,,,,,,,,,
not,,the,,,,,,,,,,
even,,passageway,,,,,,,,,,
when,,and,,,,,,,,,,
Hennione,,saw,,,,,,,,,,
tried,,before,,,,,,,,,,
her,,them,,,,,,,,,,
Alohomora,,a,,,,,,,,,,
charm,,brilliantly,,,,,,,,,,
.,,lit,,,,,,,,,,
“,,chamber,,,,,,,,,,
Now,,",",,,,,,p,w_p_pre,,,
what,,its,,,,,,,,,,
?”,,ceiling,,,,,,,,,,
said,,arching,,,,,,,,,,
Ron,,high,,,,,,,,,,
.,,above,,,,,,,,,,
“,,them,,,,,,,,,,
These,,.,,,,EOS,,p,w_p_pre,,,
birds,,It,,,,BOS,,,,,,
.,,was,,,,,,,,,,
.,,full,,,,,,,,,,
.,,of,,,,,,,,,,
they,,small,,,,,,,,,,
can,,",",,,,,,p,w_p_pre,,,
’,,jewel-bright,,,jewel,,,,,,,
t,,,-,,,,,,,,,
be,,,bright,,,,,,,,,
here,,birds,,,,,,,,,,
just,,",",,,,,,p,w_p_pre,,,
for,,fluttering,,,,,,,,,,
decoration,,and,,,,,,,,,,
",”",,tumbling,,,,,,,,,,
said,,all,,,,,,,,,,
Hennione,,around,,,,,,,,,,
.,,the,,,,,,,,,,
They,,room,,,,,,,,,,
watched,,.,,,,EOS,,p,w_p_pre,,,
the,,On,,,,BOS,,,,,,
birds,,the,,,,,,,,,,
soaring,,opposite,,,,,,,,,,
overhead,,side,,,,,,,,,,
",",,of,,,,,,,,,,
glittering,,the,,,,,,,,,,
—,,chamber,,,,,,,,,,
glittering,,was,,,,,,,,,,
?,,a,,,,,,,,,,
“,,heavy,,,,,,,,,,
They,,wooden,,,,,,,,,,
’,,door,,,,,,,,,,
re,,.,,,,EOS,EOP,p,w_p_pre,,,
not,,“,,,,BOS,BOP,p,w_p_fol,,,
birds,,Do,,,,,,,,,,
!”,,you,,,,,,,,,,
Harry,,think,,,,,,,,,,
said,,they’ll,,,they,,,,,,,
suddenly,,,’,,,,,,,,,
.,,,ll,,,,,,,,,
“,,attack,,,,,,,,,,
They,,us,,,,,,,,,,
’,,if,,,,,,,,,,
re,,we,,,,,,,,,,
keys,,cross,,,,,,,,,,
\,,the,,,,,,,,,,
Winged,,room,,,,,,,,,,
keys,,?,,,?”,,,p,w_p_pre,,,
—,,”,,add,,,,p,w_p_pre,,,
look,,said,,,,,,,,,,
carefully,,Ron,,,,,,,,,,
.,,.,,,,EOS,,p,w_p_pre,,,
So,,“,,,,BOS,,p,w_p_fol,,,
that,,Probably,,,,,,,,,,
must,,",",,,",”",,,p,w_p_pre,,,
mean,,”,,add,,,,p,w_p_pre,,,
.,,said,,,,,,,,,,
.,,Harry,,,,,,,,,,
.”,,.,,,,EOS,,p,w_p_pre,,,
he,,“,,,,BOS,,p,w_p_fol,,,
looked,,They,,,,,,,,,,
around,,don’t,,,don,,,,,,,
the,,,’,,,,,,,,,
chamber,,,t,,,,,,,,,
while,,look,,,,,,,,,,
the,,very,,,,,,,,,,
other,,vicious,,,,,,,,,,
two,,",",,,,,,p,w_p_pre,,,
squinted,,but,,,,,,,,,,
up,,I,,,,,,,,,,
at,,suppose,,,,,,,,,,
the,,if,,,,,,,,,,
flock,,they,,,,,,,,,,
of,,all,,,,,,,,,,
keys,,swooped,,,,,,,,,,
.,,down,,,,,,,,,,
“.,,at,,,,,,,,,,
.,,once,,,,,,,,,,
.,,.,,,...,,,p,w_p_pre,,,
yes,,.,,add,,,,p,w_p_pre,,,
—,,.,,add,,,,p,w_p_pre,,,
look,,well,,,,,,,,,,
!,,",",,,,,,p,w_p_pre,,,
Broomsticks,,there’s,,,there,,,,,,,
!,,,’,,,,,,,,,
We,,,s,,,,,,,,,
’,,no,,,,,,,,,,
ve,,other,,,,,,,,,,
got,,choice,,,,,,,,,,
to,,.,,,...,,,p,w_p_pre,,,
catch,,.,,add,,,,p,w_p_pre,,,
the,,.,,add,,,,p,w_p_pre,,,
key,,I’ll,,,I,,,,,,,
to,,,’,,,,,,,,,
the,,,ll,,,,,,,,,
door,,run,,,,,,,,,,
!”,,.,,,.”,,,p,w_p_pre,,,
“,,”,,add,,EOS,,p,w_p_pre,,,
But,,He,,,,BOS,,,,,,
there,,took,,,,,,,,,,
are,,a,,,,,,,,,,
hundreds,,deep,,,,,,,,,,
of,,breath,,,,,,,,,,
them,,",",,,,,,p,w_p_pre,,,
!”,,covered,,,,,,,,,,
Ron,,his,,,,,,,,,,
examined,,face,,,,,,,,,,
the,,with,,,,,,,,,,
lock,,his,,,,,,,,,,
on,,arms,,,,,,,,,,
the,,",",,,,,,p,w_p_pre,,,
door,,and,,,,,,,,,,
.,,sprinted,,,,,,,,,,
“,,across,,,,,,,,,,
We,,the,,,,,,,,,,
’,,room,,,,,,,,,,
re,,.,,,,EOS,,p,w_p_pre,,,
looking,,He,,,,BOS,,,,,,
for,,expected,,,,,,,,,,
a,,to,,,,,,,,,,
big,,feel,,,,,,,,,,
",",,sharp,,,,,,,,,,
old,,beaks,,,,,,,,,,
-,,and,,,,,,,,,,
fashioned,,claws,,,,,,,,,,
one,,tearing,,,,,,,,,,
—,,at,,,,,,,,,,
probably,,him,,,,,,,,,,
silver,,any,,,,,,,,,,
",",,second,,,,,,,,,,
like,,",",,,,,,p,w_p_pre,,,
the,,but,,,,,,,,,,
handle,,nothing,,,,,,,,,,
.”,,happened,,,,,,,,,,
They,,.,,,,EOS,,p,w_p_pre,,,
each,,He,,,,BOS,,,,,,
seized,,reached,,,,,,,,,,
a,,the,,,,,,,,,,
broomstick,,door,,,,,,,,,,
and,,untouched,,,,,,,,,,
kicked,,.,,,,EOS,,p,w_p_pre,,,
off,,He,,,,BOS,,,,,,
into,,pulled,,,,,,,,,,
the,,the,,,,,,,,,,
air,,handle,,,,,,,,,,
",",,",",,,,,,p,w_p_pre,,,
soaring,,but,,,,,,,,,,
into,,it,,,,,,,,,,
the,,was,,,,,,,,,,
midst,,locked,,,,,,,,,,
of,,.,,,,EOS,,p,w_p_pre,,,
the,,The,,,,BOS,,,,,,
cloud,,other,,,,,,,,,,
of,,two,,,,,,,,,,
keys,,followed,,,,,,,,,,
.,,him,,,,,,,,,,
They,,.,,,,EOS,,p,w_p_pre,,,
grabbed,,They,,,,BOS,,,,,,
and,,tugged,,,,,,,,,,
snatched,,and,,,,,,,,,,
",",,heaved,,,,,,,,,,
but,,at,,,,,,,,,,
the,,the,,,,,,,,,,
bewitched,,door,,,,,,,,,,
keys,,",",,,,,,p,w_p_pre,,,
darted,,but,,,,,,,,,,
and,,it,,,,,,,,,,
dived,,wouldn’t,,,wouldn,,,,,,,
so,,,’,,,,,,,,,
quickly,,,t,,,,,,,,,
it,,budge,,,,,,,,,,
was,,",",,,,,,p,w_p_pre,,,
almost,,not,,,,,,,,,,
impossible,,even,,,,,,,,,,
to,,when,,,,,,,,,,
catch,,Hermione,,,Hennione,,,,,,,
one,,tried,,,,,,,,,,
.,,her,,,,,,,,,,
Not,,Alohomora,,,,,,,,,,
for,,charm,,,,,,,,,,
nothing,,.,,,,EOS,,p,w_p_pre,,,
",",,“,,,,BOS,,p,w_p_fol,,,
though,,Now,,,,,,,,,,
",",,what,,,,,,,,,,
was,,?,,,?”,,,p,w_p_pre,,,
Harry,,”,,add,,,,p,w_p_pre,,,
the,,said,,,,,,,,,,
youngest,,Ron,,,,,,,,,,
Seeker,,.,,,,EOS,EOP,p,w_p_pre,,,
in,,“,,,,BOS,BOP,p,w_p_fol,,,
a,,These,,,,,,,,,,
century,,birds,,,,,,,,,,
.,,.,,,,,,p,w_p_pre,,,
He,,.,,,,,,p,w_p_pre,,,
had,,.,,,,,,p,w_p_pre,,,
a,,they,,,,,,,,,,
knack,,can’t,,,can,,,,,,,
for,,,’,,,,,,,,,
spotting,,,t,,,,,,,,,
things,,be,,,,,,,,,,
other,,here,,,,,,,,,,
people,,just,,,,,,,,,,
didn,,for,,,,,,,,,,
’,,decoration,,,,,,,,,,
t,,",",,,",”",,,p,w_p_pre,,,
.,,”,,add,,,,p,w_p_pre,,,
After,,said,,,,,,,,,,
a,,Hermione,,,Hennione,,,,,,,
minute,,.,,,,EOS,,p,w_p_pre,,,
’,,They,,,,BOS,,,,,,
s,,watched,,,,,,,,,,
weaving,,the,,,,,,,,,,
about,,birds,,,,,,,,,,
through,,soaring,,,,,,,,,,
the,,overhead,,,,,,,,,,
whirl,,",",,,,,,p,w_p_pre,,,
of,,glittering,,,,,,,,,,
rainbow,,—,,,,,,p,w_p_pre,,,
feathers,,glittering,,,,,,,,,,
",",,?,,,,EOS,,p,w_p_pre,,,
he,,“,,,,BOS,,p,w_p_fol,,,
noticed,,They’re,,,They,,,,,,,
a,,,’,,,,,,,,,
large,,,re,,,,,,,,,
silver,,not,,,,,,,,,,
key,,birds,,,,,,,,,,
that,,!,,,!”,,,p,w_p_pre,,,
had,,”,,add,,,,p,w_p_pre,,,
a,,Harry,,,,,,,,,,
bent,,said,,,,,,,,,,
wing,,suddenly,,,,,,,,,,
",",,.,,,,EOS,,p,w_p_pre,,,
as,,“,,,,BOS/BOS_1,,p,w_p_fol,,,
if,,They’re,,,They,,,,,,,
it,,,’,,,,,,,,,
had,,,re,,,,,,,,,
already,,keys,,,,,,,,,,
been,,!,,,\,EOS_1,,p,w_p_pre,,,
caught,,Winged,,,,BOS_2,,,,,,
and,,keys,,,,,,,,,,
stuffed,,—,,,,,,p,w_p_pre,,,
roughly,,look,,,,,,,,,,
into,,carefully,,,,,,,,,,
the,,.,,,,EOS_2/EOS,,p,w_p_pre,,,
keyhole,,So,,,,BOS/BOS_1,,,,,,
.,,that,,,,,,,,,,
“,,must,,,,,,,,,,
That,,mean,,,,,,,,,,
one,,.,,,,,,p,w_p_pre,,,
!”,,.,,,,,,p,w_p_pre,,,
he,,.,,,.”,,,p,w_p_pre,,,
called,,”,,add,,,,p,w_p_pre,,,
to,,he,,,,,,,,,,
the,,looked,,,,,,,,,,
others,,around,,,,,,,,,,
.,,the,,,,,,,,,,
“,,chamber,,,,,,,,,,
That,,while,,,,,,,,,,
big,,the,,,,,,,,,,
one,,other,,,,,,,,,,
—,,two,,,,,,,,,,
there,,squinted,,,,,,,,,,
—,,up,,,,,,,,,,
no,,at,,,,,,,,,,
",",,the,,,,,,,,,,
there,,flock,,,,,,,,,,
—,,of,,,,,,,,,,
with,,keys,,,,,,,,,,
bright,,.,,,,EOS_1,,p,w_p_pre,,,
blue,,“,,,“.,BOS_2,,p,w_p_fol,,,
wings,,.,,add,,,,p,w_p_fol,,,
—,,.,,,,,,p,w_p_fol,,,
the,,.,,,,,,p,w_p_fol,,,
feathers,,yes,,,,,,,,,,
are,,—,,,,,,p,w_p_pre,,,
all,,look,,,,,,,,,,
crumpled,,!,,,,EOS_2,,p,w_p_pre,,,
on,,Broomsticks,,,,BOS_3,,,,,,
one,,!,,,,EOS_3,,p,w_p_pre,,,
side,,We’ve,,,We,BOS_4,,,,,,
.”,,,’,,,,,,,,,
Ron,,,ve,,,,,,,,,
went,,got,,,,,,,,,,
speeding,,to,,,,,,,,,,
in,,catch,,,,,,,,,,
the,,the,,,,,,,,,,
direction,,key,,,,,,,,,,
that,,to,,,,,,,,,,
Harry,,the,,,,,,,,,,
was,,door,,,,,,,,,,
pointing,,!,,,!”,,,p,w_p_pre,,,
",",,”,,add,,EOS_4/EOS,,p,w_p_pre,,,
crashed,,“,,,,BOS,,p,w_p_fol,,,
into,,But,,,,,,,,,,
the,,there,,,,,,,,,,
ceiling,,are,,,,,,,,,,
",",,hundreds,,,,,,,,,,
and,,of,,,,,,,,,,
nearly,,them,,,,,,,,,,
fell,,!,,,!”,,,p,w_p_pre,,,
off,,”,,add,,EOS,,p,w_p_pre,,,
his,,Ron,,,,BOS,,,,,,
broom,,examined,,,,,,,,,,
.,,the,,,,,,,,,,
“,,lock,,,,,,,,,,
We,,on,,,,,,,,,,
’,,the,,,,,,,,,,
ve,,door,,,,,,,,,,
got,,.,,,,EOS,,p,w_p_pre,,,
to,,“,,,,BOS,,p,w_p_fol,,,
close,,We’re,,,We,,,,,,,
in,,,’,,,,,,,,,
on,,,re,,,,,,,,,
it,,looking,,,,,,,,,,
!”,,for,,,,,,,,,,
Harry,,a,,,,,,,,,,
called,,big,,,,,,,,,,
",",,",",,,,,,p,w_p_pre,,,
not,,old-fashioned,,,old,,,,,,,
taking,,,-,,,,,,,,,
his,,,fashioned,,,,,,,,,
eyes,,one,,,,,,,,,,
off,,—,,,,,,p,w_p_pre,,,
the,,probably,,,,,,,,,,
key,,silver,,,,,,,,,,
with,,",",,,,,,p,w_p_pre,,,
the,,like,,,,,,,,,,
damaged,,the,,,,,,,,,,
wing,,handle,,,,,,,,,,
.,,.,,,.”,,,p,w_p_pre,,,
“,,”,,add,,EOS,EOP,p,w_p_pre,,,
Ron,,They,,,,BOS,BOP,,,,,
",",,each,,,,,,,,,,
you,,seized,,,,,,,,,,
come,,a,,,,,,,,,,
at,,broomstick,,,,,,,,,,
it,,and,,,,,,,,,,
from,,kicked,,,,,,,,,,
above,,off,,,,,,,,,,
—,,into,,,,,,,,,,
Hennione,,the,,,,,,,,,,
",",,air,,,,,,,,,,
stay,,",",,,,,,p,w_p_pre,,,
below,,soaring,,,,,,,,,,
and,,into,,,,,,,,,,
stop,,the,,,,,,,,,,
it,,midst,,,,,,,,,,
from,,of,,,,,,,,,,
going,,the,,,,,,,,,,
down,,cloud,,,,,,,,,,
and,,of,,,,,,,,,,
I,,keys,,,,,,,,,,
’,,.,,,,EOS,,p,w_p_pre,,,
ll,,They,,,,BOS,,,,,,
try,,grabbed,,,,,,,,,,
and,,and,,,,,,,,,,
catch,,snatched,,,,,,,,,,
it,,",",,,,,,p,w_p_pre,,,
.,,but,,,,,,,,,,
Right,,the,,,,,,,,,,
",",,bewitched,,,,,,,,,,
NOW,,keys,,,,,,,,,,
!”,,darted,,,,,,,,,,
Ron,,and,,,,,,,,,,
dived,,dived,,,,,,,,,,
",",,so,,,,,,,,,,
Hennione,,quickly,,,,,,,,,,
rocketed,,it,,,,,,,,,,
upward,,was,,,,,,,,,,
",",,almost,,,,,,,,,,
the,,impossible,,,,,,,,,,
key,,to,,,,,,,,,,
dodged,,catch,,,,,,,,,,
them,,one,,,,,,,,,,
both,,.,,,,EOS,,p,w_p_pre,,,
",",,Not,,,,BOS,,,,,,
and,,for,,,,,,,,,,
Harry,,nothing,,,,,,,,,,
streaked,,",",,,,,,p,w_p_pre,,,
after,,though,,,,,,,,,,
it,,",",,,,,,p,w_p_pre,,,
;,,was,,,,,,,,,,
it,,Harry,,,,,,,,,,
sped,,the,,,,,,,,,,
toward,,youngest,,,,,,,,,,
the,,Seeker,,,,,,,,,,
wall,,in,,,,,,,,,,
",",,a,,,,,,,,,,
Harry,,century,,,,,,,,,,
leaned,,.,,,,EOS,,p,w_p_pre,,,
forward,,He,,,,BOS,,,,,,
and,,had,,,,,,,,,,
with,,a,,,,,,,,,,
a,,knack,,,,,,,,,,
nasty,,for,,,,,,,,,,
",",,spotting,,,,,,,,,,
crunching,,things,,,,,,,,,,
noise,,other,,,,,,,,,,
",",,people,,,,,,,,,,
pinned,,didn’t,,,didn,,,,,,,
it,,,’,,,,,,,,,
against,,,t,,,,,,,,,
the,,.,,,,EOS,,p,w_p_pre,,,
stone,,After,,,,BOS,,,,,,
with,,a,,,,,,,,,,
one,,minute’s,,,minute,,,,,,,
hand,,,’,,,,,,,,,
.,,,s,,,,,,,,,
Ron,,weaving,,,,,,,,,,
and,,about,,,,,,,,,,
Hermione,,through,,,,,,,,,,
’,,the,,,,,,,,,,
s,,whirl,,,,,,,,,,
cheers,,of,,,,,,,,,,
echoed,,rainbow,,,,,,,,,,
around,,feathers,,,,,,,,,,
the,,",",,,,,,p,w_p_pre,,,
high,,he,,,,,,,,,,
chamber,,noticed,,,,,,,,,,
.,,a,,,,,,,,,,
They,,large,,,,,,,,,,
landed,,silver,,,,,,,,,,
quickly,,key,,,,,,,,,,
",",,that,,,,,,,,,,
and,,had,,,,,,,,,,
Harry,,a,,,,,,,,,,
ran,,bent,,,,,,,,,,
to,,wing,,,,,,,,,,
the,,",",,,,,,p,w_p_pre,,,
door,,as,,,,,,,,,,
",",,if,,,,,,,,,,
the,,it,,,,,,,,,,
key,,had,,,,,,,,,,
struggling,,already,,,,,,,,,,
in,,been,,,,,,,,,,
his,,caught,,,,,,,,,,
hand,,and,,,,,,,,,,
.,,stuffed,,,,,,,,,,
He,,roughly,,,,,,,,,,
rammed,,into,,,,,,,,,,
it,,the,,,,,,,,,,
into,,keyhole,,,,,,,,,,
the,,.,,,,EOS,EOP,p,w_p_pre,,,
lock,,“,,,,BOS,BOP,p,w_p_fol,,,
and,,That,,,,,,,,,,
turned,,one,,,,,,,,,,
-,,!,,,!”,,,p,w_p_pre,,,
it,,”,,add,,,,p,w_p_pre,,,
worked,,he,,,,,,,,,,
.,,called,,,,,,,,,,
The,,to,,,,,,,,,,
moment,,the,,,,,,,,,,
the,,others,,,,,,,,,,
lock,,.,,,,EOS,,p,w_p_pre,,,
had,,“,,,,BOS,,p,w_p_fol,,,
clicked,,That,,,,,,,,,,
open,,big,,,,,,,,,,
",",,one,,,,,,,,,,
the,,—,,,,,,p,w_p_pre,,,
key,,there,,,,,,,,,,
took,,—,,,,,,p,w_p_pre,,,
flight,,no,,,,,,,,,,
again,,",",,,,,,p,w_p_pre,,,
",",,there,,,,,,,,,,
looking,,—,,,,,,p,w_p_pre,,,
very,,with,,,,,,,,,,
battered,,bright,,,,,,,,,,
now,,blue,,,,,,,,,,
that,,wings,,,,,,,,,,
it,,—,,,,,,p,w_p_pre,,,
had,,the,,,,,,,,,,
been,,feathers,,,,,,,,,,
caught,,are,,,,,,,,,,
twice,,all,,,,,,,,,,
.,,crumpled,,,,,,,,,,
“,,on,,,,,,,,,,
Ready,,one,,,,,,,,,,
?”,,side,,,,,,,,,,
Harry,,.,,,.”,,,p,w_p_pre,,,
asked,,”,,add,,EOS,,p,w_p_pre,,,
the,,Ron,,,,BOS,,,,,,
other,,went,,,,,,,,,,
two,,speeding,,,,,,,,,,
",",,in,,,,,,,,,,
his,,the,,,,,,,,,,
hand,,direction,,,,,,,,,,
on,,that,,,,,,,,,,
the,,Harry,,,,,,,,,,
door,,was,,,,,,,,,,
handle,,pointing,,,,,,,,,,
.,,",",,,,,,p,w_p_pre,,,
They,,crashed,,,,,,,,,,
nodded,,into,,,,,,,,,,
.,,the,,,,,,,,,,
He,,ceiling,,,,,,,,,,
pulled,,",",,,,,,p,w_p_pre,,,
the,,and,,,,,,,,,,
door,,nearly,,,,,,,,,,
open,,fell,,,,,,,,,,
.,,off,,,,,,,,,,
The,,his,,,,,,,,,,
next,,broom,,,,,,,,,,
chamber,,.,,,,EOS,,p,w_p_pre,,,
was,,“,,,,BOS,,p,w_p_fol,,,
so,,We’ve,,,We,,,,,,,
dark,,,’,,,,,,,,,
they,,,ve,,,,,,,,,
couldn,,got,,,,,,,,,,
’,,to,,,,,,,,,,
t,,close,,,,,,,,,,
see,,in,,,,,,,,,,
anything,,on,,,,,,,,,,
at,,it,,,,,,,,,,
all,,!,,,!”,,,p,w_p_pre,,,
.,,”,,add,,,,p,w_p_pre,,,
But,,Harry,,,,,,,,,,
as,,called,,,,,,,,,,
they,,",",,,,,,p,w_p_pre,,,
stepped,,not,,,,,,,,,,
into,,taking,,,,,,,,,,
it,,his,,,,,,,,,,
",",,eyes,,,,,,,,,,
light,,off,,,,,,,,,,
suddenly,,the,,,,,,,,,,
flooded,,key,,,,,,,,,,
the,,with,,,,,,,,,,
room,,the,,,,,,,,,,
to,,damaged,,,,,,,,,,
reveal,,wing,,,,,,,,,,
an,,.,,,,EOS,,p,w_p_pre,,,
astonishing,,“,,,,BOS,,p,w_p_fol,,,
sight,,Ron,,,,,,,,,,
.,,",",,,,,,p,w_p_pre,,,
They,,you,,,,,,,,,,
were,,come,,,,,,,,,,
standing,,at,,,,,,,,,,
on,,it,,,,,,,,,,
the,,from,,,,,,,,,,
edge,,above,,,,,,,,,,
of,,—,,,,,,p,w_p_pre,,,
a,,Hermione,,,Hennione,,,,,,,
huge,,",",,,,,,p,w_p_pre,,,
chessboard,,stay,,,,,,,,,,
",",,below,,,,,,,,,,
behind,,and,,,,,,,,,,
the,,stop,,,,,,,,,,
black,,it,,,,,,,,,,
chessmen,,from,,,,,,,,,,
",",,going,,,,,,,,,,
which,,down,,,,,,,,,,
were,,and,,,,,,,,,,
all,,I’ll,,,I,,,,,,,
taller,,,’,,,,,,,,,
than,,,ll,,,,,,,,,
they,,try,,,,,,,,,,
were,,and,,,,,,,,,,
and,,catch,,,,,,,,,,
carved,,it,,,,,,,,,,
from,,.,,,,EOS,,p,w_p_pre,,,
what,,Right,,,,BOS,,,,,,
looked,,",",,,,,,p,w_p_pre,,,
like,,NOW,,,,,,,,,,
black,,!,,,!”,,,p,w_p_pre,,,
stone,,”,,add,,EOS,,p,w_p_pre,,,
.,,Ron,,,,BOS,,,,,,
Facing,,dived,,,,,,,,,,
them,,",",,,,,,p,w_p_pre,,,
",",,Hermione,,,Hennione,,,,,,,
way,,rocketed,,,,,,,,,,
across,,upward,,,,,,,,,,
the,,",",,,,,,p,w_p_pre,,,
chamber,,the,,,,,,,,,,
",",,key,,,,,,,,,,
were,,dodged,,,,,,,,,,
the,,them,,,,,,,,,,
white,,both,,,,,,,,,,
pieces,,",",,,,,,p,w_p_pre,,,
.,,and,,,,,,,,,,
Harry,,Harry,,,,,,,,,,
",",,streaked,,,,,,,,,,
Ron,,after,,,,,,,,,,
and,,it,,,,,,,,,,
Hennione,,;,,,,,,p,w_p_pre,,,
shivered,,it,,,,,,,,,,
slightly,,sped,,,,,,,,,,
-,,toward,,,,,,,,,,
the,,the,,,,,,,,,,
towering,,wall,,,,,,,,,,
white,,",",,,,,,p,w_p_pre,,,
chessmen,,Harry,,,,,,,,,,
had,,leaned,,,,,,,,,,
no,,forward,,,,,,,,,,
faces,,and,,,,,,,,,,
.,,with,,,,,,,,,,
“,,a,,,,,,,,,,
Now,,nasty,,,,,,,,,,
what,,",",,,,,,p,w_p_pre,,,
do,,crunching,,,,,,,,,,
we,,noise,,,,,,,,,,
do,,",",,,,,,p,w_p_pre,,,
?”,,pinned,,,,,,,,,,
Harry,,it,,,,,,,,,,
whispered,,against,,,,,,,,,,
.,,the,,,,,,,,,,
“,,stone,,,,,,,,,,
It,,with,,,,,,,,,,
’,,one,,,,,,,,,,
s,,hand,,,,,,,,,,
obvious,,.,,,,EOS,,p,w_p_pre,,,
",",,Ron,,,,BOS,,,,,,
isn,,and,,,,,,,,,,
’,,Hermione’s,,,Hermione,,,,,,,
t,,,’,,,,,,,,,
it,,,s,,,,,,,,,
?”,,cheers,,,,,,,,,,
said,,echoed,,,,,,,,,,
Ron,,around,,,,,,,,,,
.,,the,,,,,,,,,,
“,,high,,,,,,,,,,
We,,chamber,,,,,,,,,,
’,,.,,,,EOS,EOP,p,w_p_pre,,,
ve,,They,,,,BOS,BOP,,,,,
got,,landed,,,,,,,,,,
to,,quickly,,,,,,,,,,
play,,",",,,,,,p,w_p_pre,,,
our,,and,,,,,,,,,,
way,,Harry,,,,,,,,,,
across,,ran,,,,,,,,,,
the,,to,,,,,,,,,,
room,,the,,,,,,,,,,
.”,,door,,,,,,,,,,
Behind,,",",,,,,,p,w_p_pre,,,
the,,the,,,,,,,,,,
white,,key,,,,,,,,,,
pieces,,struggling,,,,,,,,,,
they,,in,,,,,,,,,,
could,,his,,,,,,,,,,
see,,hand,,,,,,,,,,
another,,.,,,,EOS,,p,w_p_pre,,,
door,,He,,,,BOS,,,,,,
.,,rammed,,,,,,,,,,
“,,it,,,,,,,,,,
How,,into,,,,,,,,,,
?”,,the,,,,,,,,,,
said,,lock,,,,,,,,,,
Hennione,,and,,,,,,,,,,
nervously,,turned,,,,,,,,,,
.,,-,,,,,,p,w_p_pre,,,
“,,it,,,,,,,,,,
I,,worked,,,,,,,,,,
think,,.,,,,EOS,,p,w_p_pre,,,
",”",,The,,,,BOS,,,,,,
said,,moment,,,,,,,,,,
Ron,,the,,,,,,,,,,
",",,lock,,,,,,,,,,
“,,had,,,,,,,,,,
we,,clicked,,,,,,,,,,
’,,open,,,,,,,,,,
re,,",",,,,,,p,w_p_pre,,,
going,,the,,,,,,,,,,
to,,key,,,,,,,,,,
have,,took,,,,,,,,,,
to,,flight,,,,,,,,,,
be,,again,,,,,,,,,,
chessmen,,",",,,,,,p,w_p_pre,,,
.”,,looking,,,,,,,,,,
He,,very,,,,,,,,,,
walked,,battered,,,,,,,,,,
up,,now,,,,,,,,,,
to,,that,,,,,,,,,,
a,,it,,,,,,,,,,
black,,had,,,,,,,,,,
knight,,been,,,,,,,,,,
and,,caught,,,,,,,,,,
put,,twice,,,,,,,,,,
his,,.,,,,EOS,,p,w_p_pre,,,
hand,,“,,,,BOS,,p,w_p_fol,,,
out,,Ready,,,,,,,,,,
to,,?,,,?”,,,p,w_p_pre,,,
touch,,”,,add,,,,p,w_p_pre,,,
the,,Harry,,,,,,,,,,
knight,,asked,,,,,,,,,,
’,,the,,,,,,,,,,
s,,other,,,,,,,,,,
horse,,two,,,,,,,,,,
.,,",",,,,,,p,w_p_pre,,,
At,,his,,,,,,,,,,
once,,hand,,,,,,,,,,
",",,on,,,,,,,,,,
the,,the,,,,,,,,,,
stone,,door,,,,,,,,,,
sprang,,handle,,,,,,,,,,
to,,.,,,,EOS,,p,w_p_pre,,,
life,,They,,,,BOS,,,,,,
.,,nodded,,,,,,,,,,
The,,.,,,,EOS,,p,w_p_pre,,,
horse,,He,,,,BOS,,,,,,
pawed,,pulled,,,,,,,,,,
the,,the,,,,,,,,,,
ground,,door,,,,,,,,,,
and,,open,,,,,,,,,,
the,,.,,,,EOS,,p,w_p_pre,,,
knight,,The,,,,BOS,,,,,,
turned,,next,,,,,,,,,,
his,,chamber,,,,,,,,,,
helmeted,,was,,,,,,,,,,
head,,so,,,,,,,,,,
to,,dark,,,,,,,,,,
look,,they,,,,,,,,,,
down,,couldn’t,,,couldn,,,,,,,
at,,,’,,,,,,,,,
Ron,,,t,,,,,,,,,
.,,see,,,,,,,,,,
“,,anything,,,,,,,,,,
Do,,at,,,,,,,,,,
we,,all,,,,,,,,,,
—,,.,,,,EOS,,p,w_p_pre,,,
er,,But,,,,BOS,,,,,,
—,,as,,,,,,,,,,
have,,they,,,,,,,,,,
to,,stepped,,,,,,,,,,
join,,into,,,,,,,,,,
you,,it,,,,,,,,,,
to,,",",,,,,,p,w_p_pre,,,
get,,light,,,,,,,,,,
across,,suddenly,,,,,,,,,,
?”,,flooded,,,,,,,,,,
The,,the,,,,,,,,,,
black,,room,,,,,,,,,,
knight,,to,,,,,,,,,,
nodded,,reveal,,,,,,,,,,
.,,an,,,,,,,,,,
Ron,,astonishing,,,,,,,,,,
turned,,sight,,,,,,,,,,
to,,.,,,,EOS,,p,w_p_pre,,,
the,,They,,,,BOS,,,,,,
other,,were,,,,,,,,,,
two,,standing,,,,,,,,,,
.,,on,,,,,,,,,,
“,,the,,,,,,,,,,
This,,edge,,,,,,,,,,
needs,,of,,,,,,,,,,
thinking,,a,,,,,,,,,,
about,,huge,,,,,,,,,,
.,,chessboard,,,,,,,,,,
.,,",",,,,,,p,w_p_pre,,,
.”,,behind,,,,,,,,,,
he,,the,,,,,,,,,,
said,,black,,,,,,,,,,
.,,chessmen,,,,,,,,,,
“,,",",,,,,,p,w_p_pre,,,
I,,which,,,,,,,,,,
suppose,,were,,,,,,,,,,
we,,all,,,,,,,,,,
’,,taller,,,,,,,,,,
ve,,than,,,,,,,,,,
got,,they,,,,,,,,,,
to,,were,,,,,,,,,,
take,,and,,,,,,,,,,
the,,carved,,,,,,,,,,
place,,from,,,,,,,,,,
of,,what,,,,,,,,,,
three,,looked,,,,,,,,,,
of,,like,,,,,,,,,,
the,,black,,,,,,,,,,
black,,stone,,,,,,,,,,
pieces,,.,,,,EOS,,p,w_p_pre,,,
...”,,Facing,,,,BOS,,,,,,
Harry,,them,,,,,,,,,,
and,,",",,,,,,p,w_p_pre,,,
Hennione,,way,,,,,,,,,,
stayed,,across,,,,,,,,,,
quiet,,the,,,,,,,,,,
",",,chamber,,,,,,,,,,
watching,,",",,,,,,p,w_p_pre,,,
Ron,,were,,,,,,,,,,
think,,the,,,,,,,,,,
.,,white,,,,,,,,,,
Finally,,pieces,,,,,,,,,,
he,,.,,,,EOS,,p,w_p_pre,,,
said,,Harry,,,,BOS,,,,,,
",",,",",,,,,,p,w_p_pre,,,
“,,Ron,,,,,,,,,,
Now,,and,,,,,,,,,,
",",,Hermione,,,Hennione,,,,,,,
don,,shivered,,,,,,,,,,
’,,slightly,,,,,,,,,,
t,,-,,,,,,p,w_p_pre,,,
be,,the,,,,,,,,,,
offended,,towering,,,,,,,,,,
or,,white,,,,,,,,,,
anything,,chessmen,,,,,,,,,,
",",,had,,,,,,,,,,
but,,no,,,,,,,,,,
neither,,faces,,,,,,,,,,
of,,.,,,,EOS,EOP,p,w_p_pre,,,
you,,“,,,,BOS,BOP,p,w_p_fol,,,
are,,Now,,,,,,,,,,
that,,what,,,,,,,,,,
good,,do,,,,,,,,,,
at,,we,,,,,,,,,,
chess,,do,,,,,,,,,,
—,,?,,,?”,,,p,w_p_pre,,,
”,,”,,add,,,,p,w_p_pre,,,
“,,Harry,,,,,,,,,,
We,,whispered,,,,,,,,,,
’,,.,,,,EOS,,p,w_p_pre,,,
re,,“,,,,BOS,,p,w_p_fol,,,
not,,It’s,,,It,,,,,,,
offended,,,’,,,,,,,,,
",”",,,s,,,,,,,,,
said,,obvious,,,,,,,,,,
Harry,,",",,,,,,p,w_p_pre,,,
quickly,,isn’t,,,isn,,,,,,,
.,,,’,,,,,,,,,
“,,,t,,,,,,,,,
Just,,it,,,,,,,,,,
tell,,?,,,?”,,,p,w_p_pre,,,
us,,”,,add,,,,p,w_p_pre,,,
what,,said,,,,,,,,,,
to,,Ron,,,,,,,,,,
do,,.,,,,EOS,,p,w_p_pre,,,
.”,,“,,,,BOS,,p,w_p_fol,,,
“,,We’ve,,,We,,,,,,,
Well,,,’,,,,,,,,,
",",,,ve,,,,,,,,,
Harry,,got,,,,,,,,,,
",",,to,,,,,,,,,,
you,,play,,,,,,,,,,
take,,our,,,,,,,,,,
the,,way,,,,,,,,,,
place,,across,,,,,,,,,,
of,,the,,,,,,,,,,
that,,room,,,,,,,,,,
bishop,,.,,,.”,,,p,w_p_pre,,,
",",,”,,add,,EOS,,p,w_p_pre,,,
and,,Behind,,,,BOS,,,,,,
Hennione,,the,,,,,,,,,,
",",,white,,,,,,,,,,
you,,pieces,,,,,,,,,,
go,,they,,,,,,,,,,
there,,could,,,,,,,,,,
instead,,see,,,,,,,,,,
of,,another,,,,,,,,,,
that,,door,,,,,,,,,,
castle,,.,,,,EOS,,p,w_p_pre,,,
.”,,“,,,,BOS,,p,w_p_fol,,,
“,,How,,,,,,,,,,
What,,?,,,?”,,,p,w_p_pre,,,
about,,”,,add,,,,p,w_p_pre,,,
you,,said,,,,,,,,,,
?”,,Hermione,,,Hennione,,,,,,,
“,,nervously,,,,,,,,,,
I,,.,,,,EOS,,p,w_p_pre,,,
’,,“,,,,BOS,,p,w_p_fol,,,
m,,I,,,,,,,,,,
going,,think,,,,,,,,,,
to,,",",,,",”",,,p,w_p_pre,,,
be,,”,,add,,,,p,w_p_pre,,,
a,,said,,,,,,,,,,
knight,,Ron,,,,,,,,,,
",”",,",",,,,,,p,w_p_pre,,,
said,,“,,,,,,p,w_p_fol,,,
Ron,,we’re,,,we,,,,,,,
.,,,’,,,,,,,,,
The,,,re,,,,,,,,,
chessmen,,going,,,,,,,,,,
seemed,,to,,,,,,,,,,
to,,have,,,,,,,,,,
have,,to,,,,,,,,,,
been,,be,,,,,,,,,,
listening,,chessmen,,,,,,,,,,
",",,.,,,.”,,,p,w_p_pre,,,
because,,”,,add,,EOS,,p,w_p_pre,,,
at,,He,,,,BOS,,,,,,
these,,walked,,,,,,,,,,
words,,up,,,,,,,,,,
a,,to,,,,,,,,,,
knight,,a,,,,,,,,,,
",",,black,,,,,,,,,,
a,,knight,,,,,,,,,,
bishop,,and,,,,,,,,,,
",",,put,,,,,,,,,,
and,,his,,,,,,,,,,
a,,hand,,,,,,,,,,
castle,,out,,,,,,,,,,
turned,,to,,,,,,,,,,
their,,touch,,,,,,,,,,
backs,,the,,,,,,,,,,
on,,knight’s,,,knight,,,,,,,
the,,,’,,,,,,,,,
white,,,s,,,,,,,,,
pieces,,horse,,,,,,,,,,
and,,.,,,,EOS,,p,w_p_pre,,,
walked,,At,,,,BOS,,,,,,
off,,once,,,,,,,,,,
the,,",",,,,,,p,w_p_pre,,,
board,,the,,,,,,,,,,
",",,stone,,,,,,,,,,
leaving,,sprang,,,,,,,,,,
three,,to,,,,,,,,,,
empty,,life,,,,,,,,,,
squares,,.,,,,EOS,,p,w_p_pre,,,
that,,The,,,,BOS,,,,,,
Harry,,horse,,,,,,,,,,
",",,pawed,,,,,,,,,,
Ron,,the,,,,,,,,,,
",",,ground,,,,,,,,,,
and,,and,,,,,,,,,,
Hennione,,the,,,,,,,,,,
took,,knight,,,,,,,,,,
.,,turned,,,,,,,,,,
“,,his,,,,,,,,,,
White,,helmeted,,,,,,,,,,
always,,head,,,,,,,,,,
plays,,to,,,,,,,,,,
first,,look,,,,,,,,,,
in,,down,,,,,,,,,,
chess,,at,,,,,,,,,,
",”",,Ron,,,,,,,,,,
said,,.,,,,EOS,EOP,p,w_p_pre,,,
Ron,,“,,,,BOS,BOP,p,w_p_fol,,,
",",,Do,,,,,,,,,,
peering,,we,,,,,,,,,,
across,,—,,,,,,p,w_p_pre,,,
the,,er,,,,,,,,,,
board,,—,,,,,,p,w_p_pre,,,
.,,have,,,,,,,,,,
“,,to,,,,,,,,,,
Yes,,join,,,,,,,,,,
...,,you,,,,,,,,,,
look,,to,,,,,,,,,,
...”,,get,,,,,,,,,,
A,,across,,,,,,,,,,
white,,?,,,?”,,,p,w_p_pre,,,
pawn,,”,,add,,EOS,,p,w_p_pre,,,
had,,The,,,,BOS,,,,,,
moved,,black,,,,,,,,,,
forward,,knight,,,,,,,,,,
two,,nodded,,,,,,,,,,
squares,,.,,,,EOS,,p,w_p_pre,,,
.,,Ron,,,,BOS,,,,,,
Ron,,turned,,,,,,,,,,
started,,to,,,,,,,,,,
to,,the,,,,,,,,,,
direct,,other,,,,,,,,,,
the,,two,,,,,,,,,,
black,,.,,,,EOS,,p,w_p_pre,,,
pieces,,“,,,,BOS,,p,w_p_fol,,,
.,,This,,,,,,,,,,
They,,needs,,,,,,,,,,
moved,,thinking,,,,,,,,,,
silently,,about,,,,,,,,,,
wherever,,.,,,,,,p,w_p_pre,,,
he,,.,,,,,,p,w_p_pre,,,
sent,,.,,,.”,,,p,w_p_pre,,,
them,,”,,add,,,,p,w_p_pre,,,
.,,he,,,,,,,,,,
Harry,,said,,,,,,,,,,
’,,.,,,,EOS,,p,w_p_pre,,,
s,,“,,,,BOS,,p,w_p_fol,,,
knees,,I,,,,,,,,,,
were,,suppose,,,,,,,,,,
trembling,,we’ve,,,we,,,,,,,
.,,,’,,,,,,,,,
What,,,ve,,,,,,,,,
if,,got,,,,,,,,,,
they,,to,,,,,,,,,,
lost,,take,,,,,,,,,,
?,,the,,,,,,,,,,
“,,place,,,,,,,,,,
Harry,,of,,,,,,,,,,
—,,three,,,,,,,,,,
move,,of,,,,,,,,,,
diagonally,,the,,,,,,,,,,
four,,black,,,,,,,,,,
squares,,pieces,,,,,,,,,,
to,,.,,add,,,,p,w_p_pre,,,
the,,.,,add,,,,p,w_p_pre,,,
right,,.,,add,,,,p,w_p_pre,,,
.”,,”,,,...”,EOS,,p,w_p_pre,,,
Their,,Harry,,,,BOS,,,,,,
first,,and,,,,,,,,,,
real,,Hermione,,,Hennione,,,,,,,
shock,,stayed,,,,,,,,,,
came,,quiet,,,,,,,,,,
when,,",",,,,,,p,w_p_pre,,,
their,,watching,,,,,,,,,,
other,,Ron,,,,,,,,,,
knight,,think,,,,,,,,,,
was,,.,,,,EOS,,p,w_p_pre,,,
taken,,Finally,,,,BOS,,,,,,
.,,he,,,,,,,,,,
The,,said,,,,,,,,,,
white,,",",,,,,,p,w_p_pre,,,
queen,,“,,,,,,p,w_p_fol,,,
smashed,,Now,,,,,,,,,,
him,,",",,,,,,p,w_p_pre,,,
to,,don’t,,,don,,,,,,,
the,,,’,,,,,,,,,
floor,,,t,,,,,,,,,
and,,be,,,,,,,,,,
dragged,,offended,,,,,,,,,,
him,,or,,,,,,,,,,
off,,anything,,,,,,,,,,
the,,",",,,,,,p,w_p_pre,,,
board,,but,,,,,,,,,,
",",,neither,,,,,,,,,,
where,,of,,,,,,,,,,
he,,you,,,,,,,,,,
lay,,are,,,,,,,,,,
quite,,that,,,,,,,,,,
still,,good,,,,,,,,,,
",",,at,,,,,,,,,,
facedown,,chess,,,,,,,,,,
.,,—,,,,,,p,w_p_pre,,,
“,,”,,,,EOS,,p,w_p_pre,,,
Had,,“,,,,BOS,,p,w_p_fol,,,
to,,We’re,,,,,,,,,,
let,,,’,,,,,,,,,
that,,,re,,,,,,,,,
happen,,not,,,,,,,,,,
",”",,offended,,,,,,,,,,
said,,",",,,",”",,,p,w_p_pre,,,
Ron,,”,,add,,,,p,w_p_pre,,,
",",,said,,,,,,,,,,
looking,,Harry,,,,,,,,,,
shaken,,quickly,,,,,,,,,,
.,,.,,,,EOS,,p,w_p_pre,,,
“,,“,,,,BOS,,p,w_p_fol,,,
Leaves,,Just,,,,,,,,,,
you,,tell,,,,,,,,,,
free,,us,,,,,,,,,,
to,,what,,,,,,,,,,
take,,to,,,,,,,,,,
that,,do,,,,,,,,,,
bishop,,.,,,.”,,,p,w_p_pre,,,
",",,”,,add,,EOS,,p,w_p_pre,,,
Hennione,,“,,,,BOS,,p,w_p_fol,,,
",",,Well,,,,,,,,,,
go,,",",,,,,,p,w_p_pre,,,
on,,Harry,,,,,,,,,,
.”,,",",,,,,,p,w_p_pre,,,
Every,,you,,,,,,,,,,
time,,take,,,,,,,,,,
one,,the,,,,,,,,,,
of,,place,,,,,,,,,,
their,,of,,,,,,,,,,
men,,that,,,,,,,,,,
was,,bishop,,,,,,,,,,
lost,,",",,,,,,p,w_p_pre,,,
",",,and,,,,,,,,,,
the,,Hermione,,,Hennione,,,,,,,
white,,",",,,,,,p,w_p_pre,,,
pieces,,you,,,,,,,,,,
showed,,go,,,,,,,,,,
no,,there,,,,,,,,,,
mercy,,instead,,,,,,,,,,
.,,of,,,,,,,,,,
Soon,,that,,,,,,,,,,
there,,castle,,,,,,,,,,
was,,.,,,.”,,,p,w_p_pre,,,
a,,”,,add,,EOS,,p,w_p_pre,,,
huddle,,“,,,,BOS,,p,w_p_fol,,,
of,,What,,,,,,,,,,
limp,,about,,,,,,,,,,
black,,you,,,,,,,,,,
players,,?,,,?”,,,p,w_p_pre,,,
slumped,,”,,add,,EOS,,p,w_p_pre,,,
along,,“,,,,BOS,,p,w_p_fol,,,
the,,I’m,,,I,,,,,,,
wall,,,’,,,,,,,,,
.,,,m,,,,,,,,,
Twice,,going,,,,,,,,,,
",",,to,,,,,,,,,,
Ron,,be,,,,,,,,,,
only,,a,,,,,,,,,,
just,,knight,,,,,,,,,,
noticed,,",",,,",”",,,p,w_p_pre,,,
in,,”,,add,,,,p,w_p_pre,,,
time,,said,,,,,,,,,,
that,,Ron,,,,,,,,,,
Harry,,.,,,,EOS,,p,w_p_pre,,,
and,,The,,,,BOS,,,,,,
Hennione,,chessmen,,,,,,,,,,
were,,seemed,,,,,,,,,,
in,,to,,,,,,,,,,
danger,,have,,,,,,,,,,
.,,been,,,,,,,,,,
He,,listening,,,,,,,,,,
himself,,",",,,,,,p,w_p_pre,,,
darted,,because,,,,,,,,,,
around,,at,,,,,,,,,,
the,,these,,,,,,,,,,
board,,words,,,,,,,,,,
",",,a,,,,,,,,,,
taking,,knight,,,,,,,,,,
almost,,",",,,,,,p,w_p_pre,,,
as,,a,,,,,,,,,,
many,,bishop,,,,,,,,,,
white,,",",,,,,,p,w_p_pre,,,
pieces,,and,,,,,,,,,,
as,,a,,,,,,,,,,
they,,castle,,,,,,,,,,
had,,turned,,,,,,,,,,
lost,,their,,,,,,,,,,
black,,backs,,,,,,,,,,
ones,,on,,,,,,,,,,
.,,the,,,,,,,,,,
“,,white,,,,,,,,,,
We,,pieces,,,,,,,,,,
’,,and,,,,,,,,,,
re,,walked,,,,,,,,,,
nearly,,off,,,,,,,,,,
there,,the,,,,,,,,,,
",”",,board,,,,,,,,,,
he,,",",,,,,,p,w_p_pre,,,
muttered,,leaving,,,,,,,,,,
suddenly,,three,,,,,,,,,,
.,,empty,,,,,,,,,,
“,,squares,,,,,,,,,,
Let,,that,,,,,,,,,,
me,,Harry,,,,,,,,,,
think,,",",,,,,,p,w_p_pre,,,
—,,Ron,,,,,,,,,,
let,,",",,,,,,p,w_p_pre,,,
me,,and,,,,,,,,,,
think,,Hermione,,,Hennione,,,,,,,
.,,took,,,,,,,,,,
.,,.,,,,EOS,EOP,p,w_p_pre,,,
.”,,“,,,,BOS,BOP,p,w_p_fol,,,
The,,White,,,,,,,,,,
white,,always,,,,,,,,,,
queen,,plays,,,,,,,,,,
turned,,first,,,,,,,,,,
her,,in,,,,,,,,,,
blank,,chess,,,,,,,,,,
face,,",",,,",”",,,p,w_p_pre,,,
toward,,”,,add,,,,p,w_p_pre,,,
him,,said,,,,,,,,,,
.,,Ron,,,,,,,,,,
“,,",",,,,,,p,w_p_pre,,,
Yes,,peering,,,,,,,,,,
.,,across,,,,,,,,,,
.,,the,,,,,,,,,,
.”,,board,,,,,,,,,,
said,,.,,,,EOS,,p,w_p_pre,,,
Ron,,“,,,,BOS,,p,w_p_fol,,,
softly,,Yes,,,,,,,,,,
",",,.,,add,,,,p,w_p_pre,,,
“,,.,,add,,,,p,w_p_pre,,,
It,,.,,,...,,,p,w_p_pre,,,
’,,look,,,,,,,,,,
s,,.,,add,,,,p,w_p_pre,,,
the,,.,,add,,,,p,w_p_pre,,,
only,,.,,add,,,,p,w_p_pre,,,
way,,”,,,...”,EOS,,p,w_p_pre,,,
.,,A,,,,BOS,,,,,,
.,,white,,,,,,,,,,
.,,pawn,,,,,,,,,,
I,,had,,,,,,,,,,
’,,moved,,,,,,,,,,
ve,,forward,,,,,,,,,,
got,,two,,,,,,,,,,
to,,squares,,,,,,,,,,
be,,.,,,,EOS,,p,w_p_pre,,,
taken,,Ron,,,,BOS,,,,,,
.”,,started,,,,,,,,,,
“,,to,,,,,,,,,,
NO,,direct,,,,,,,,,,
!”,,the,,,,,,,,,,
Hany,,black,,,,,,,,,,
and,,pieces,,,,,,,,,,
Hennione,,.,,,,EOS,,p,w_p_pre,,,
shouted,,They,,,,BOS,,,,,,
.,,moved,,,,,,,,,,
“,,silently,,,,,,,,,,
That,,wherever,,,,,,,,,,
’,,he,,,,,,,,,,
s,,sent,,,,,,,,,,
chess,,them,,,,,,,,,,
!”,,.,,,,EOS,,p,w_p_pre,,,
snapped,,Harry’s,,,Harry,BOS,,,,,,
Ron,,,’,,,,,,,,,
.,,,s,,,,,,,,,
“,,knees,,,,,,,,,,
You,,were,,,,,,,,,,
’,,trembling,,,,,,,,,,
ve,,.,,,,EOS,,p,w_p_pre,,,
got,,What,,,,BOS,,,,,,
to,,if,,,,,,,,,,
make,,they,,,,,,,,,,
some,,lost,,,,,,,,,,
sacrifices,,?,,,,EOS,,p,w_p_pre,,,
!,,“,,,,BOS,,p,w_p_fol,,,
I,,Harry,,,,,,,,,,
make,,—,,,,,,p,w_p_pre,,,
my,,move,,,,,,,,,,
move,,diagonally,,,,,,,,,,
and,,four,,,,,,,,,,
she,,squares,,,,,,,,,,
’,,to,,,,,,,,,,
ll,,the,,,,,,,,,,
take,,right,,,,,,,,,,
me,,.,,,.”,,,p,w_p_pre,,,
—,,”,,add,,EOS,EOP,p,w_p_pre,,,
that,,Their,,,,BOS,BOP,,,,,
leaves,,first,,,,,,,,,,
you,,real,,,,,,,,,,
free,,shock,,,,,,,,,,
to,,came,,,,,,,,,,
checkmate,,when,,,,,,,,,,
the,,their,,,,,,,,,,
king,,other,,,,,,,,,,
",",,knight,,,,,,,,,,
Hany,,was,,,,,,,,,,
!”,,taken,,,,,,,,,,
“,,.,,,,EOS,,p,w_p_pre,,,
But,,The,,,,BOS,,,,,,
—”,,white,,,,,,,,,,
“,,queen,,,,,,,,,,
Do,,smashed,,,,,,,,,,
you,,him,,,,,,,,,,
want,,to,,,,,,,,,,
to,,the,,,,,,,,,,
stop,,floor,,,,,,,,,,
Snape,,and,,,,,,,,,,
or,,dragged,,,,,,,,,,
not,,him,,,,,,,,,,
?”,,off,,,,,,,,,,
“,,the,,,,,,,,,,
Ron,,board,,,,,,,,,,
—,,",",,,,,,p,w_p_pre,,,
”,,where,,,,,,,,,,
“,,he,,,,,,,,,,
Look,,lay,,,,,,,,,,
",",,quite,,,,,,,,,,
if,,still,,,,,,,,,,
you,,",",,,,,,p,w_p_pre,,,
don,,facedown,,,,,,,,,,
’,,.,,,,EOS,,p,w_p_pre,,,
t,,“,,,,BOS,,p,w_p_fol,,,
hurry,,Had,,,,,,,,,,
up,,to,,,,,,,,,,
",",,let,,,,,,,,,,
he,,that,,,,,,,,,,
’,,happen,,,,,,,,,,
ll,,",",,,",”",,,p,w_p_pre,,,
already,,”,,add,,,,p,w_p_pre,,,
have,,said,,,,,,,,,,
the,,Ron,,,,,,,,,,
Stone,,",",,,,,,p,w_p_pre,,,
!”,,looking,,,,,,,,,,
There,,shaken,,,,,,,,,,
was,,.,,,,EOS,,p,w_p_pre,,,
no,,“,,,,BOS,,p,w_p_fol,,,
alternative,,Leaves,,,,,,,,,,
.,,you,,,,,,,,,,
“,,free,,,,,,,,,,
Ready,,to,,,,,,,,,,
?”,,take,,,,,,,,,,
Ron,,that,,,,,,,,,,
called,,bishop,,,,,,,,,,
",",,",",,,,,,p,w_p_pre,,,
his,,Hermione,,,Hennione,,,,,,,
face,,",",,,,,,p,w_p_pre,,,
pale,,go,,,,,,,,,,
but,,on,,,,,,,,,,
detennined,,.,,,.”,,,p,w_p_pre,,,
.,,”,,add,,EOS,,p,w_p_pre,,,
“,,Every,,,,BOS,,,,,,
Here,,time,,,,,,,,,,
I,,one,,,,,,,,,,
go,,of,,,,,,,,,,
—,,their,,,,,,,,,,
now,,men,,,,,,,,,,
",",,was,,,,,,,,,,
don,,lost,,,,,,,,,,
’,,",",,,,,,p,w_p_pre,,,
t,,the,,,,,,,,,,
hang,,white,,,,,,,,,,
around,,pieces,,,,,,,,,,
once,,showed,,,,,,,,,,
you,,no,,,,,,,,,,
’,,mercy,,,,,,,,,,
ve,,.,,,,EOS,,p,w_p_pre,,,
won,,Soon,,,,BOS,,,,,,
.”,,there,,,,,,,,,,
He,,was,,,,,,,,,,
stepped,,a,,,,,,,,,,
forward,,huddle,,,,,,,,,,
",",,of,,,,,,,,,,
and,,limp,,,,,,,,,,
the,,black,,,,,,,,,,
white,,players,,,,,,,,,,
queen,,slumped,,,,,,,,,,
pounced,,along,,,,,,,,,,
.,,the,,,,,,,,,,
She,,wall,,,,,,,,,,
struck,,.,,,,EOS,,p,w_p_pre,,,
Ron,,Twice,,,,BOS,,,,,,
hard,,",",,,,,,p,w_p_pre,,,
across,,Ron,,,,,,,,,,
the,,only,,,,,,,,,,
head,,just,,,,,,,,,,
with,,noticed,,,,,,,,,,
her,,in,,,,,,,,,,
stone,,time,,,,,,,,,,
arm,,that,,,,,,,,,,
",",,Harry,,,,,,,,,,
and,,and,,,,,,,,,,
he,,Hermione,,,Hennione,,,,,,,
crashed,,were,,,,,,,,,,
to,,in,,,,,,,,,,
the,,danger,,,,,,,,,,
floor,,.,,,,EOS,,p,w_p_pre,,,
—,,He,,,,BOS,,,,,,
Hennione,,himself,,,,,,,,,,
screamed,,darted,,,,,,,,,,
but,,around,,,,,,,,,,
stayed,,the,,,,,,,,,,
on,,board,,,,,,,,,,
her,,",",,,,,,p,w_p_pre,,,
square,,taking,,,,,,,,,,
—,,almost,,,,,,,,,,
the,,as,,,,,,,,,,
white,,many,,,,,,,,,,
queen,,white,,,,,,,,,,
dragged,,pieces,,,,,,,,,,
Ron,,as,,,,,,,,,,
to,,they,,,,,,,,,,
one,,had,,,,,,,,,,
side,,lost,,,,,,,,,,
.,,black,,,,,,,,,,
He,,ones,,,,,,,,,,
looked,,.,,,,EOS,EOP,p,w_p_pre,,,
as,,“,,,,BOS,BOP,p,w_p_fol,,,
if,,We’re,,,We,,,,,,,
he,,,’,,,,,,,,,
’,,,re,,,,,,,,,
d,,nearly,,,,,,,,,,
been,,there,,,,,,,,,,
knocked,,",",,,",”",,,p,w_p_pre,,,
out,,”,,add,,,,p,w_p_pre,,,
.,,he,,,,,,,,,,
Shaking,,muttered,,,,,,,,,,
",",,suddenly,,,,,,,,,,
Harry,,.,,,,EOS,,p,w_p_pre,,,
moved,,“,,,,BOS,,p,w_p_fol,,,
three,,Let,,,,,,,,,,
spaces,,me,,,,,,,,,,
to,,think,,,,,,,,,,
the,,—,,,,,,p,w_p_pre,,,
left,,let,,,,,,,,,,
.,,me,,,,,,,,,,
The,,think,,,,,,,,,,
white,,.,,,,,,p,w_p_pre,,,
king,,.,,,,,,p,w_p_pre,,,
took,,.,,,.”,,,p,w_p_pre,,,
off,,”,,add,,EOS,,p,w_p_pre,,,
his,,The,,,,BOS,,,,,,
crown,,white,,,,,,,,,,
and,,queen,,,,,,,,,,
threw,,turned,,,,,,,,,,
it,,her,,,,,,,,,,
at,,blank,,,,,,,,,,
Harry,,face,,,,,,,,,,
’,,toward,,,,,,,,,,
s,,him,,,,,,,,,,
feet,,.,,,,EOS,,p,w_p_pre,,,
.,,“,,,,BOS,,p,w_p_fol,,,
They,,Yes,,,,,,,,,,
had,,.,,,,,,p,w_p_pre,,,
won,,.,,,,,,p,w_p_pre,,,
.,,.,,,.”,,,p,w_p_pre,,,
The,,”,,add,,,,p,w_p_pre,,,
chessmen,,said,,,,,,,,,,
parted,,Ron,,,,,,,,,,
and,,softly,,,,,,,,,,
bowed,,",",,,,,,p,w_p_pre,,,
",",,“,,,,,,p,w_p_fol,,,
leaving,,It’s,,,It,,,,,,,
the,,,’,,,,,,,,,
door,,,s,,,,,,,,,
ahead,,the,,,,,,,,,,
clear,,only,,,,,,,,,,
.,,way,,,,,,,,,,
With,,.,,,,,,p,w_p_pre,,,
one,,.,,,,,,p,w_p_pre,,,
last,,.,,,,EOS,,p,w_p_pre,,,
desperate,,I’ve,,,I,BOS,,,,,,
look,,,’,,,,,,,,,
back,,,ve,,,,,,,,,
at,,got,,,,,,,,,,
Ron,,to,,,,,,,,,,
",",,be,,,,,,,,,,
Harry,,taken,,,,,,,,,,
and,,.,,,.”,,,p,w_p_pre,,,
Hennione,,”,,add,,EOS,,p,w_p_pre,,,
charged,,“,,,,BOS,,p,w_p_fol,,,
through,,NO,,,,,,,,,,
the,,!,,,!”,,,p,w_p_pre,,,
door,,”,,add,,,,p,w_p_pre,,,
and,,Harry,,,Hany,,,,,,,
up,,and,,,,,,,,,,
the,,Hermione,,,Hennione,,,,,,,
next,,shouted,,,,,,,,,,
passageway,,.,,,,EOS,,p,w_p_pre,,,
.,,“,,,,BOS,,p,w_p_fol,,,
“,,That’s,,,That,,,,,,,
What,,,’,,,,,,,,,
if,,,s,,,,,,,,,
he,,chess,,,,,,,,,,
’,,!,,,!”,,,p,w_p_pre,,,
s,,”,,add,,,,p,w_p_pre,,,
—,,snapped,,,,,,,,,,
?”,,Ron,,,,,,,,,,
“,,.,,,,EOS,,p,w_p_pre,,,
He,,“,,,,BOS,,p,w_p_fol,,,
’,,You’ve,,,You,,,,,,,
ll,,,’,,,,,,,,,
be,,,ve,,,,,,,,,
all,,got,,,,,,,,,,
right,,to,,,,,,,,,,
",”",,make,,,,,,,,,,
said,,some,,,,,,,,,,
Harry,,sacrifices,,,,,,,,,,
",",,!,,,,EOS,,p,w_p_pre,,,
trying,,I,,,,BOS,,,,,,
to,,make,,,,,,,,,,
convince,,my,,,,,,,,,,
himself,,move,,,,,,,,,,
.,,and,,,,,,,,,,
“,,she’ll,,,she,,,,,,,
What,,,’,,,,,,,,,
do,,,ll,,,,,,,,,
you,,take,,,,,,,,,,
reckon,,me,,,,,,,,,,
’,,—,,,,,,p,w_p_pre,,,
s,,that,,,,,,,,,,
next,,leaves,,,,,,,,,,
?”,,you,,,,,,,,,,
“,,free,,,,,,,,,,
We,,to,,,,,,,,,,
’,,checkmate,,,,,,,,,,
ve,,the,,,,,,,,,,
had,,king,,,,,,,,,,
Sprout,,",",,,,,,p,w_p_pre,,,
’,,Harry,,,Hany,,,,,,,
s,,!,,,!”,,,p,w_p_pre,,,
",",,”,,add,,EOS,,p,w_p_pre,,,
that,,“,,,,BOS,,p,w_p_fol,,,
was,,But,,,,,,,,,,
the,,—,,,—”,,,p,w_p_pre,,,
Devil,,”,,add,,EOS,,p,w_p_pre,,,
’,,“,,,,BOS,,p,w_p_fol,,,
s,,Do,,,,,,,,,,
Snare,,you,,,,,,,,,,
;,,want,,,,,,,,,,
Flitwick,,to,,,,,,,,,,
must,,stop,,,,,,,,,,
’,,Snape,,,,,,,,,,
ve,,or,,,,,,,,,,
put,,not,,,,,,,,,,
charms,,?,,,?”,,,p,w_p_pre,,,
on,,”,,add,,EOS,,p,w_p_pre,,,
the,,“,,,,BOS,,p,w_p_fol,,,
keys,,Ron,,,,,,,,,,
;,,—,,,,,,p,w_p_pre,,,
McGonagall,,”,,,,EOS,,p,w_p_pre,,,
transfigured,,“,,,,BOS,,p,w_p_fol,,,
the,,Look,,,,,,,,,,
chessmen,,",",,,,,,p,w_p_pre,,,
to,,if,,,,,,,,,,
make,,you,,,,,,,,,,
them,,don’t,,,don,,,,,,,
alive,,,’,,,,,,,,,
;,,,t,,,,,,,,,
that,,hurry,,,,,,,,,,
leaves,,up,,,,,,,,,,
Quirrell,,",",,,,,,p,w_p_pre,,,
’,,he’ll,,,he,,,,,,,
s,,,’,,,,,,,,,
spell,,,ll,,,,,,,,,
",",,already,,,,,,,,,,
and,,have,,,,,,,,,,
Snape,,the,,,,,,,,,,
’,,Stone,,,,,,,,,,
s,,!,,,!”,,,p,w_p_pre,,,
.”,,”,,add,,EOS,,p,w_p_pre,,,
They,,There,,,,BOS,,,,,,
had,,was,,,,,,,,,,
reached,,no,,,,,,,,,,
another,,alternative,,,,,,,,,,
door,,.,,,,EOS,EOP,p,w_p_pre,,,
.,,“,,,,BOS,BOP,p,w_p_fol,,,
“,,Ready,,,,,,,,,,
All,,?,,,?”,,,p,w_p_pre,,,
right,,”,,add,,EOS,,p,w_p_pre,,,
?”,,Ron,,,,BOS,,,,,,
Harry,,called,,,,,,,,,,
whispered,,",",,,,,,p,w_p_pre,,,
.,,his,,,,,,,,,,
“,,face,,,,,,,,,,
Go,,pale,,,,,,,,,,
on,,but,,,,,,,,,,
.”,,determined,,,detennined,,,,,,,
Harry,,.,,,,EOS,,p,w_p_pre,,,
pushed,,“,,,,BOS,,p,w_p_fol,,,
it,,Here,,,,,,,,,,
open,,I,,,,,,,,,,
.,,go,,,,,,,,,,
A,,—,,,,,,p,w_p_pre,,,
disgusting,,now,,,,,,,,,,
smell,,",",,,,,,p,w_p_pre,,,
filled,,don’t,,,don,,,,,,,
their,,,’,,,,,,,,,
nostrils,,,t,,,,,,,,,
",",,hang,,,,,,,,,,
making,,around,,,,,,,,,,
both,,once,,,,,,,,,,
of,,you’ve,,,you,,,,,,,
them,,,’,,,,,,,,,
pull,,,ve,,,,,,,,,
their,,won,,,,,,,,,,
robes,,.,,,.”,,,p,w_p_pre,,,
up,,”,,add,,EOS,,p,w_p_pre,,,
over,,He,,,,BOS,,,,,,
their,,stepped,,,,,,,,,,
noses,,forward,,,,,,,,,,
.,,",",,,,,,p,w_p_pre,,,
Eyes,,and,,,,,,,,,,
watering,,the,,,,,,,,,,
",",,white,,,,,,,,,,
they,,queen,,,,,,,,,,
saw,,pounced,,,,,,,,,,
",",,.,,,,EOS,,p,w_p_pre,,,
flat,,She,,,,BOS/BOS_1,,,,,,
on,,struck,,,,,,,,,,
the,,Ron,,,,,,,,,,
floor,,hard,,,,,,,,,,
in,,across,,,,,,,,,,
front,,the,,,,,,,,,,
of,,head,,,,,,,,,,
them,,with,,,,,,,,,,
",",,her,,,,,,,,,,
a,,stone,,,,,,,,,,
troll,,arm,,,,,,,,,,
even,,",",,,,,,p,w_p_pre,,,
larger,,and,,,,,,,,,,
than,,he,,,,,,,,,,
the,,crashed,,,,,,,,,,
one,,to,,,,,,,,,,
they,,the,,,,,,,,,,
had,,floor,,,,,,,,,,
tackled,,—,,,,EOS_1,,p,w_p_pre,,,
",",,Hermione,,,Hennione,BOS_2,,,,,,
out,,screamed,,,,,,,,,,
cold,,but,,,,,,,,,,
with,,stayed,,,,,,,,,,
a,,on,,,,,,,,,,
bloody,,her,,,,,,,,,,
lump,,square,,,,,,,,,,
on,,—,,,,EOS_2,,p,w_p_pre,,,
its,,the,,,,BOS_3,,,,,,
head,,white,,,,,,,,,,
.,,queen,,,,,,,,,,
“,,dragged,,,,,,,,,,
I,,Ron,,,,,,,,,,
’,,to,,,,,,,,,,
m,,one,,,,,,,,,,
glad,,side,,,,,,,,,,
we,,.,,,,EOS_3/EOS,,p,w_p_pre,,,
didn,,He,,,,BOS,,,,,,
’,,looked,,,,,,,,,,
t,,as,,,,,,,,,,
have,,if,,,,,,,,,,
to,,he’d,,,he,,,,,,,
fight,,,’,,,,,,,,,
that,,,d,,,,,,,,,
one,,been,,,,,,,,,,
",”",,knocked,,,,,,,,,,
Harry,,out,,,,,,,,,,
whispered,,.,,,,EOS,,p,w_p_pre,,,
as,,Shaking,,,,BOS,,,,,,
they,,",",,,,,,p,w_p_pre,,,
stepped,,Harry,,,,,,,,,,
carefully,,moved,,,,,,,,,,
over,,three,,,,,,,,,,
one,,spaces,,,,,,,,,,
of,,to,,,,,,,,,,
its,,the,,,,,,,,,,
massive,,left,,,,,,,,,,
legs,,.,,,,EOS,,p,w_p_pre,,,
.,,The,,,,BOS,,,,,,
“,,white,,,,,,,,,,
Come,,king,,,,,,,,,,
on,,took,,,,,,,,,,
",",,off,,,,,,,,,,
I,,his,,,,,,,,,,
can,,crown,,,,,,,,,,
’,,and,,,,,,,,,,
t,,threw,,,,,,,,,,
breathe,,it,,,,,,,,,,
.”,,at,,,,,,,,,,
He,,Harry’s,,,Harry,,,,,,,
pulled,,,’,,,,,,,,,
open,,,s,,,,,,,,,
the,,feet,,,,,,,,,,
next,,.,,,,EOS,,p,w_p_pre,,,
door,,They,,,,BOS,,,,,,
",",,had,,,,,,,,,,
both,,won,,,,,,,,,,
of,,.,,,,EOS,,p,w_p_pre,,,
them,,The,,,,BOS,,,,,,
hardly,,chessmen,,,,,,,,,,
daring,,parted,,,,,,,,,,
to,,and,,,,,,,,,,
look,,bowed,,,,,,,,,,
at,,",",,,,,,p,w_p_pre,,,
what,,leaving,,,,,,,,,,
came,,the,,,,,,,,,,
next,,door,,,,,,,,,,
-,,ahead,,,,,,,,,,
but,,clear,,,,,,,,,,
there,,.,,,,EOS,,p,w_p_pre,,,
was,,With,,,,BOS,,,,,,
nothing,,one,,,,,,,,,,
very,,last,,,,,,,,,,
frightening,,desperate,,,,,,,,,,
in,,look,,,,,,,,,,
here,,back,,,,,,,,,,
",",,at,,,,,,,,,,
just,,Ron,,,,,,,,,,
a,,",",,,,,,p,w_p_pre,,,
table,,Harry,,,,,,,,,,
with,,and,,,,,,,,,,
seven,,Hermione,,,Hennione,,,,,,,
differently,,charged,,,,,,,,,,
shaped,,through,,,,,,,,,,
bottles,,the,,,,,,,,,,
standing,,door,,,,,,,,,,
on,,and,,,,,,,,,,
it,,up,,,,,,,,,,
in,,the,,,,,,,,,,
a,,next,,,,,,,,,,
line,,passageway,,,,,,,,,,
.,,.,,,,EOS,EOP,p,w_p_pre,,,
“,,“,,,,BOS,BOP,p,w_p_fol,,,
Snape,,What,,,,,,,,,,
’,,if,,,,,,,,,,
s,,he’s,,,he,,,,,,,
",”",,,’,,,,,,,,,
said,,,s,,,,,,,,,
Harry,,—,,,,,,p,w_p_pre,,,
.,,?,,,?”,,,p,w_p_pre,,,
“,,”,,add,,EOS,,p,w_p_pre,,,
What,,“,,,,BOS,,p,w_p_fol,,,
do,,He’ll,,,He,,,,,,,
we,,,’,,,,,,,,,
have,,,ll,,,,,,,,,
to,,be,,,,,,,,,,
do,,all,,,,,,,,,,
?”,,right,,,,,,,,,,
They,,",",,,",”",,,p,w_p_pre,,,
stepped,,”,,add,,,,p,w_p_pre,,,
over,,said,,,,,,,,,,
the,,Harry,,,,,,,,,,
threshold,,",",,,,,,p,w_p_pre,,,
",",,trying,,,,,,,,,,
and,,to,,,,,,,,,,
immediately,,convince,,,,,,,,,,
a,,himself,,,,,,,,,,
fire,,.,,,,EOS,,p,w_p_pre,,,
sprang,,“,,,,BOS,,p,w_p_fol,,,
up,,What,,,,,,,,,,
behind,,do,,,,,,,,,,
them,,you,,,,,,,,,,
in,,reckon’s,,,reckon,,,,,,,
the,,,’,,,,,,,,,
doorway,,,s,,,,,,,,,
.,,next,,,,,,,,,,
It,,?,,,?”,,,p,w_p_pre,,,
wasn,,”,,add,,EOS,,p,w_p_pre,,,
’,,“,,,,BOS,,p,w_p_fol,,,
t,,We’ve,,,We,,,,,,,
ordinary,,,’,,,,,,,,,
fire,,,ve,,,,,,,,,
either,,had,,,,,,,,,,
;,,Sprout’s,,,Sprout,,,,,,,
it,,,’,,,,,,,,,
was,,,s,,,,,,,,,
purple,,",",,,,,,p,w_p_pre,,,
.,,that,,,,,,,,,,
At,,was,,,,,,,,,,
the,,the,,,,,,,,,,
same,,Devil’s,,,Devil,,,,,,,
instant,,,’,,,,,,,,,
",",,,s,,,,,,,,,
black,,Snare,,,,,,,,,,
flames,,;,,,,,,p,w_p_pre,,,
shot,,Flitwick,,,,,,,,,,
up,,must’ve,,,must,,,,,,,
in,,,’,,,,,,,,,
the,,,ve,,,,,,,,,
doorway,,put,,,,,,,,,,
leading,,charms,,,,,,,,,,
onward,,on,,,,,,,,,,
.,,the,,,,,,,,,,
They,,keys,,,,,,,,,,
were,,;,,,,,,p,w_p_pre,,,
trapped,,McGonagall,,,,,,,,,,
.,,transfigured,,,,,,,,,,
“,,the,,,,,,,,,,
Look,,chessmen,,,,,,,,,,
!”,,to,,,,,,,,,,
Hermione,,make,,,,,,,,,,
seized,,them,,,,,,,,,,
a,,alive,,,,,,,,,,
roll,,;,,,,,,p,w_p_pre,,,
of,,that,,,,,,,,,,
paper,,leaves,,,,,,,,,,
lying,,Quirrell’s,,,Quirrell,,,,,,,
next,,,’,,,,,,,,,
to,,,s,,,,,,,,,
the,,spell,,,,,,,,,,
bottles,,",",,,,,,p,w_p_pre,,,
.,,and,,,,,,,,,,
Harry,,Snape’s,,,Snape,,,,,,,
looked,,,’,,,,,,,,,
over,,,s,,,,,,,,,
her,,.,,,.”,,,p,w_p_pre,,,
shoulder,,”,,add,,EOS,EOP,p,w_p_pre,,,
to,,They,,,,BOS,BOP,,,,,
read,,had,,,,,,,,,,
it,,reached,,,,,,,,,,
:,,another,,,,,,,,,,
Danger,,door,,,,,,,,,,
lies,,.,,,,EOS,,p,w_p_pre,,,
before,,“,,,,BOS,,p,w_p_fol,,,
you,,All,,,,,,,,,,
",",,right,,,,,,,,,,
while,,?,,,?”,,,p,w_p_pre,,,
safety,,”,,add,,,,p,w_p_pre,,,
lies,,Harry,,,,,,,,,,
behind,,whispered,,,,,,,,,,
",",,.,,,,EOS,,p,w_p_pre,,,
Two,,“,,,,BOS,,p,w_p_fol,,,
of,,Go,,,,,,,,,,
us,,on,,,,,,,,,,
will,,.,,,.”,,,p,w_p_pre,,,
help,,”,,add,,EOS,,p,w_p_pre,,,
you,,Harry,,,,BOS,,,,,,
",",,pushed,,,,,,,,,,
which,,it,,,,,,,,,,
ever,,open,,,,,,,,,,
you,,.,,,,EOS,,p,w_p_pre,,,
would,,A,,,,BOS,,,,,,
find,,disgusting,,,,,,,,,,
",",,smell,,,,,,,,,,
One,,filled,,,,,,,,,,
among,,their,,,,,,,,,,
us,,nostrils,,,,,,,,,,
seven,,",",,,,,,p,w_p_pre,,,
will,,making,,,,,,,,,,
let,,both,,,,,,,,,,
you,,of,,,,,,,,,,
move,,them,,,,,,,,,,
ahead,,pull,,,,,,,,,,
",",,their,,,,,,,,,,
Another,,robes,,,,,,,,,,
will,,up,,,,,,,,,,
transport,,over,,,,,,,,,,
the,,their,,,,,,,,,,
drinker,,noses,,,,,,,,,,
back,,.,,,,EOS,,p,w_p_pre,,,
instead,,Eyes,,,,BOS,,,,,,
",",,watering,,,,,,,,,,
Two,,",",,,,,,p,w_p_pre,,,
among,,they,,,,,,,,,,
our,,saw,,,,,,,,,,
number,,",",,,,,,p,w_p_pre,,,
hold,,flat,,,,,,,,,,
only,,on,,,,,,,,,,
nettle,,the,,,,,,,,,,
wine,,floor,,,,,,,,,,
",",,in,,,,,,,,,,
Three,,front,,,,,,,,,,
of,,of,,,,,,,,,,
us,,them,,,,,,,,,,
are,,",",,,,,,p,w_p_pre,,,
killers,,a,,,,,,,,,,
",",,troll,,,,,,,,,,
waiting,,even,,,,,,,,,,
bidden,,larger,,,,,,,,,,
in,,than,,,,,,,,,,
line,,the,,,,,,,,,,
.,,one,,,,,,,,,,
Choose,,they,,,,,,,,,,
",",,had,,,,,,,,,,
unless,,tackled,,,,,,,,,,
you,,",",,,,,,p,w_p_pre,,,
wish,,out,,,,,,,,,,
to,,cold,,,,,,,,,,
stay,,with,,,,,,,,,,
here,,a,,,,,,,,,,
forevermore,,bloody,,,,,,,,,,
",",,lump,,,,,,,,,,
To,,on,,,,,,,,,,
help,,its,,,,,,,,,,
you,,head,,,,,,,,,,
in,,.,,,,EOS,,p,w_p_pre,,,
your,,“,,,,BOS,,p,w_p_fol,,,
choice,,I’m,,,I,,,,,,,
",",,,’,,,,,,,,,
we,,,m,,,,,,,,,
give,,glad,,,,,,,,,,
you,,we,,,,,,,,,,
these,,didn’t,,,didn,,,,,,,
clues,,,’,,,,,,,,,
four,,,t,,,,,,,,,
:,,have,,,,,,,,,,
First,,to,,,,,,,,,,
",",,fight,,,,,,,,,,
however,,that,,,,,,,,,,
slyly,,one,,,,,,,,,,
the,,",",,,",”",,,p,w_p_pre,,,
poison,,”,,add,,,,p,w_p_pre,,,
tries,,Harry,,,,,,,,,,
to,,whispered,,,,,,,,,,
hide,,as,,,,,,,,,,
You,,they,,,,,,,,,,
will,,stepped,,,,,,,,,,
always,,carefully,,,,,,,,,,
find,,over,,,,,,,,,,
some,,one,,,,,,,,,,
on,,of,,,,,,,,,,
nettle,,its,,,,,,,,,,
wine,,massive,,,,,,,,,,
’,,legs,,,,,,,,,,
s,,.,,,,EOS,,p,w_p_pre,,,
left,,“,,,,BOS,,p,w_p_fol,,,
side,,Come,,,,,,,,,,
;,,on,,,,,,,,,,
Second,,",",,,,,,p,w_p_pre,,,
",",,I,,,,,,,,,,
different,,can’t,,,can,,,,,,,
are,,,’,,,,,,,,,
those,,,t,,,,,,,,,
who,,breathe,,,,,,,,,,
stand,,.,,,.”,,,p,w_p_pre,,,
at,,”,,add,,EOS,EOP,p,w_p_pre,,,
either,,He,,,,BOS/BOS_1,BOP,,,,,
end,,pulled,,,,,,,,,,
",",,open,,,,,,,,,,
But,,the,,,,,,,,,,
if,,next,,,,,,,,,,
you,,door,,,,,,,,,,
would,,",",,,,,,p,w_p_pre,,,
move,,both,,,,,,,,,,
onward,,of,,,,,,,,,,
",",,them,,,,,,,,,,
neither,,hardly,,,,,,,,,,
is,,daring,,,,,,,,,,
your,,to,,,,,,,,,,
friend,,look,,,,,,,,,,
;,,at,,,,,,,,,,
Third,,what,,,,,,,,,,
",",,came,,,,,,,,,,
as,,next,,,,,,,,,,
you,,-,,,,EOS_1,,p,w_p_pre,,,
see,,but,,,,BOS_2,,,,,,
clearly,,there,,,,,,,,,,
",",,was,,,,,,,,,,
all,,nothing,,,,,,,,,,
are,,very,,,,,,,,,,
different,,frightening,,,,,,,,,,
size,,in,,,,,,,,,,
",",,here,,,,,,,,,,
Neither,,",",,,,,,p,w_p_pre,,,
dwarf,,just,,,,,,,,,,
nor,,a,,,,,,,,,,
giant,,table,,,,,,,,,,
holds,,with,,,,,,,,,,
death,,seven,,,,,,,,,,
in,,differently,,,,,,,,,,
their,,shaped,,,,,,,,,,
insides,,bottles,,,,,,,,,,
;,,standing,,,,,,,,,,
Fourth,,on,,,,,,,,,,
",",,it,,,,,,,,,,
the,,in,,,,,,,,,,
second,,a,,,,,,,,,,
left,,line,,,,,,,,,,
and,,.,,,,EOS_2/EOS,,p,w_p_pre,,,
the,,“,,,,BOS,,p,w_p_fol,,,
second,,Snape’s,,,Snape,,,,,,,
on,,,’,,,,,,,,,
the,,,s,,,,,,,,,
right,,",",,,",”",,,p,w_p_pre,,,
Are,,”,,add,,,,p,w_p_pre,,,
twins,,said,,,,,,,,,,
once,,Harry,,,,,,,,,,
you,,.,,,,EOS,,p,w_p_pre,,,
taste,,“,,,,BOS,,p,w_p_fol,,,
them,,What,,,,,,,,,,
",",,do,,,,,,,,,,
though,,we,,,,,,,,,,
different,,have,,,,,,,,,,
at,,to,,,,,,,,,,
first,,do,,,,,,,,,,
sight,,?,,,?”,,,p,w_p_pre,,,
.,,”,,add,,EOS,,p,w_p_pre,,,
Hennione,,They,,,,BOS,,,,,,
let,,stepped,,,,,,,,,,
out,,over,,,,,,,,,,
a,,the,,,,,,,,,,
great,,threshold,,,,,,,,,,
sigh,,",",,,,,,p,w_p_pre,,,
and,,and,,,,,,,,,,
Harry,,immediately,,,,,,,,,,
",",,a,,,,,,,,,,
amazed,,fire,,,,,,,,,,
",",,sprang,,,,,,,,,,
saw,,up,,,,,,,,,,
that,,behind,,,,,,,,,,
she,,them,,,,,,,,,,
was,,in,,,,,,,,,,
smiling,,the,,,,,,,,,,
",",,doorway,,,,,,,,,,
the,,.,,,,EOS,,p,w_p_pre,,,
very,,It,,,,BOS,,,,,,
last,,wasn’t,,,wasn,,,,,,,
thing,,,’,,,,,,,,,
he,,,t,,,,,,,,,
felt,,ordinary,,,,,,,,,,
like,,fire,,,,,,,,,,
doing,,either,,,,,,,,,,
.,,;,,,,,,p,w_p_pre,,,
“,,it,,,,,,,,,,
Brilliant,,was,,,,,,,,,,
",”",,purple,,,,,,,,,,
said,,.,,,,EOS,,p,w_p_pre,,,
Hermione,,At,,,,BOS,,,,,,
.,,the,,,,,,,,,,
“,,same,,,,,,,,,,
This,,instant,,,,,,,,,,
isn,,",",,,,,,p,w_p_pre,,,
’,,black,,,,,,,,,,
t,,flames,,,,,,,,,,
magic,,shot,,,,,,,,,,
—,,up,,,,,,,,,,
it,,in,,,,,,,,,,
’,,the,,,,,,,,,,
s,,doorway,,,,,,,,,,
logic,,leading,,,,,,,,,,
—,,onward,,,,,,,,,,
a,,.,,,,EOS,,p,w_p_pre,,,
puzzle,,They,,,,BOS,,,,,,
.,,were,,,,,,,,,,
A,,trapped,,,,,,,,,,
lot,,.,,,,EOS,EOP,p,w_p_pre,,,
